input_row_key,best_veridion_id,best_company_name,best_total_score,best_name_score,best_candidate_status,match_reason,match_status
0,26e22210-93e5-11eb-b997-8dd98d09cf25,New Millennium Network,0.9045454545454545,0.5909090909090909,CANDIDATE_MATCH,"name=weak, country ok, city/region ok, website ok",MATCHED
1,8b99ef83-93e4-11eb-b997-8dd98d09cf25,2operate,1.0,1.0,CANDIDATE_MATCH,"name=exact, country ok, city/region ok, website ok",MATCHED
2,45309031-f8ab-11ed-89fe-613148a94f23,3 Step IT A/S.,1.0,1.0,CANDIDATE_MATCH,"name=exact, country ok, website ok",MATCHED
3,45309031-f8ab-11ed-89fe-613148a94f23,3 Step IT A/S.,0.6909090909090909,0.8181818181818182,CANDIDATE_UNLIKELY,"name=exact, website ok",BEST_GUESS
4,e5cede70-0409-11ed-a83d-25d09483d16d,Proact IT Sweden,0.9624999999999999,0.6875,CANDIDATE_MATCH,"name=close, country ok, city/region ok, website ok",MATCHED
5,df61d790-93e4-11eb-aa66-9b8d95e2171b,3Degrees Inc.,0.9863636363636363,0.7272727272727273,CANDIDATE_MATCH,"name=close, country ok, city/region ok, website ok",MATCHED
6,359bd116-93e5-11eb-b5f6-816dd10ac7b0,3Step IT Group,1.0,1.0,CANDIDATE_MATCH,"name=exact, country ok, city/region ok, website ok",MATCHED
7,08330b7d-aeb0-11ef-ac6a-636c4f5076ef,AT RÖRSERVICE,0.7,0.4166666666666667,CANDIDATE_UNLIKELY,"name=weak, country ok, website ok",BEST_GUESS
8,4f44b02e-17aa-11f0-87dc-2b7a69541cf4,ATKEARNEY,0.78,0.8,CANDIDATE_UNLIKELY,"name=exact, city/region ok, website ok",BEST_GUESS
9,272b8711-93e5-11eb-8e19-198fb02d6f96,AALBORG CITY,1.0,1.0,CANDIDATE_MATCH,"name=exact, country ok, city/region ok, website ok",MATCHED
10,182e8830-1b02-11ec-81d0-432e4ac5b2cc,Accenture Norge,0.95,0.6666666666666666,CANDIDATE_MATCH,"name=close, country ok, city/region ok, website ok",MATCHED
11,347c7e63-93e5-11eb-90d2-e3355a7e800b,Accutics,1.0,1.0,CANDIDATE_MATCH,"name=exact, country ok, website ok",MATCHED
12,fed105d4-93e4-11eb-9937-4fab995bf8ff,ACOME Company a Cooperative,1.0,1.0,CANDIDATE_MATCH,"name=exact, country ok, city/region ok, website ok",MATCHED
13,1000ca72-f7d7-11ed-bb8f-e9ec1594da2e,Acome Xintai Cables Co. Ltd.,1.0,1.0,CANDIDATE_MATCH,"name=exact, country ok, website ok",MATCHED
14,e8772100-93e4-11eb-b5f6-816dd10ac7b0,Adapt Agency,1.0,1.0,CANDIDATE_MATCH,"name=exact, country ok, city/region ok, website ok",MATCHED
15,3d1f6d90-1579-11ee-8c08-a59aa7cafccb,Adecco Hillerød,0.786,0.56,CANDIDATE_MATCH,"name=weak, country ok, website ok",MATCHED
16,410a4cc3-93e5-11eb-9937-4fab995bf8ff,Adecco Singapore,1.0,1.0,CANDIDATE_MATCH,"name=exact, country ok, website ok",MATCHED
17,099ed3a8-1afb-11ec-a882-057f42292856,Adobe Systems Software Ireland,1.0,1.0,CANDIDATE_MATCH,"name=exact, country ok, city/region ok, website ok",MATCHED
18,47b15560-93e5-11eb-91fb-73d498260b10,ADB,1.0,0.7761194029850746,CANDIDATE_MATCH,"name=close, country ok, city/region ok, website ok",MATCHED
19,333a3544-e6e7-11ed-9f71-972bd7ca4253,Advanced Security Network Sdn. Bhd.,1.0,0.7843137254901961,CANDIDATE_MATCH,"name=close, country ok, city/region ok, website ok",MATCHED
20,67227e70-0e27-11ec-a16e-b9ce2504ed80,Advansia AS,1.0,1.0,CANDIDATE_MATCH,"name=exact, country ok, website ok",MATCHED
21,2d7be421-93e5-11eb-be5a-4f810ab55f2e,Aeger Group,1.0,1.0,CANDIDATE_MATCH,"name=exact, country ok, city/region ok, website ok",MATCHED
22,ef392bbd-93e4-11eb-919a-b3f9a5ad205c,Affirmed Networks,1.0,1.0,CANDIDATE_MATCH,"name=exact, country ok, city/region ok, website ok",MATCHED
23,475daed5-0c7d-11ec-b9ed-b7cae580407c,AGG Power,0.8500000000000001,0.5,CANDIDATE_MATCH,"name=weak, country ok, city/region ok, website ok",MATCHED
24,25f047fc-93e5-11eb-a736-0f5b20ecb2f1,AIA PRS,0.9029411764705884,0.5882352941176471,CANDIDATE_MATCH,"name=weak, country ok, city/region ok, website ok",MATCHED
25,379975dc-93e5-11eb-90d2-e3355a7e800b,AIG Norge,1.0,0.875,CANDIDATE_MATCH,"name=exact, country ok, city/region ok, website ok",MATCHED
26,eab4a797-e56c-11ed-86c6-9fd2c95fb352,Aktieselskabet Rødovre Centrum,1.0,0.9333333333333333,CANDIDATE_MATCH,"name=exact, country ok, city/region ok, website ok",MATCHED
27,19609053-0bbc-11ee-900c-9bee0d280070,A&O Shearman,1.0,1.0,CANDIDATE_MATCH,"name=exact, country ok, city/region ok, website ok",MATCHED
28,cfdf1a86-0be7-11ee-b777-4f8aa0e12aee,Altair Global Relocation,0.6965517241379311,0.8275862068965517,CANDIDATE_UNLIKELY,"name=exact, website ok",BEST_GUESS
29,c89d4e1b-bfde-11ec-92f4-876998402e2b,Amazon Web Services | API Gateway,1.0,0.76,CANDIDATE_MATCH,"name=close, country ok, city/region ok, website ok",MATCHED
30,d7db1d69-93e4-11eb-90d2-e3355a7e800b,TKBEL,1.0,0.9824561403508771,CANDIDATE_MATCH,"name=exact, country ok, website ok",MATCHED
31,00b299f2-6d0d-11ec-bc58-f126260d7c32,Norwegian Seafood Supply,0.79,0.4,CANDIDATE_UNLIKELY,"name=weak, country ok, city/region ok, website ok",BEST_GUESS
32,bad43cb0-93e4-11eb-91fb-73d498260b10,Amdocs,0.5,0.5,CANDIDATE_UNLIKELY,"name=weak, website ok",UNMATCHED
33,0078e966-93e5-11eb-b997-8dd98d09cf25,American Steakhouse,0.5874999999999999,0.22916666666666666,CANDIDATE_UNLIKELY,"name=weak, country ok, website ok",BEST_GUESS
34,d791fd63-e113-11ec-a72c-1538a9321a8e,American Express Company AS,0.95,0.6666666666666666,CANDIDATE_MATCH,"name=close, country ok, city/region ok, website ok",MATCHED
35,e97d1f55-93e4-11eb-be3a-7f925cb94351,Analysys Mason,0.8999999999999999,1.0,CANDIDATE_MATCH,"name=exact, city/region ok, website ok",MATCHED
36,e16f0714-729b-11ec-82c4-1d4ff65030ff,Mason Contract Services,0.81,0.6,CANDIDATE_MATCH,"name=weak, country ok, website ok",MATCHED
37,d7aa707f-93e4-11eb-9937-4fab995bf8ff,Andco A/S.,1.0,1.0,CANDIDATE_MATCH,"name=exact, country ok, city/region ok, website ok",MATCHED
38,cfc5f77c-ce95-11ed-953a-9d8f156b9731,ANNALECT,0.9370967741935483,0.6451612903225806,CANDIDATE_MATCH,"name=weak, country ok, city/region ok, website ok",MATCHED
39,02115b2b-65f6-11ef-a567-7774974824cc,Anne Mette Høy,0.9051724137931034,0.7586206896551724,CANDIDATE_MATCH,"name=close, country ok, website ok",MATCHED
40,172e7ea7-0523-11ec-a64f-cb86dbe4969b,ANRITSU,0.6666666666666667,0.7777777777777778,CANDIDATE_UNLIKELY,"name=close, website ok",BEST_GUESS
41,8ebb9a30-f868-11ed-a012-23d8e35cf067,Aon Invest A/S.,0.78,0.55,CANDIDATE_MATCH,"name=weak, country ok, website ok",MATCHED
42,94b23b7a-a0a5-11ed-9081-2b8f862bccfc,Aon Norway,1.0,1.0,CANDIDATE_MATCH,"name=exact, country ok, city/region ok, website ok",MATCHED
43,f7b252d4-fa1c-11ec-83db-47cce081a4ab,AppDynamic,0.95,0.8333333333333334,CANDIDATE_MATCH,"name=exact, country ok, website ok",MATCHED
44,72b33d10-1afd-11ec-9842-212d1c52ad77,Apple Distribution International,1.0,1.0,CANDIDATE_MATCH,"name=exact, country ok, website ok",MATCHED
45,e4744ce0-e02d-11ec-8554-6d1a894ea0c5,Naturliga Bloggen,1.0,0.896551724137931,CANDIDATE_MATCH,"name=exact, country ok, city/region ok, website ok",MATCHED
46,50c0e708-22bf-11ec-9024-ef7bc13965aa,Apple Malaysia Sdn Bhd.,1.0,1.0,CANDIDATE_MATCH,"name=exact, country ok, city/region ok, website ok",MATCHED
47,05227438-93e5-11eb-8859-29e7c34dee35,Asia biogas,0.90625,0.59375,CANDIDATE_MATCH,"name=weak, country ok, city/region ok, website ok",MATCHED
48,0233ab52-aa7c-11ec-bce7-45193b30c3a8,Mixto As,0.6763157894736842,0.21052631578947367,CANDIDATE_UNLIKELY,"name=weak, country ok, city/region ok, website ok",BEST_GUESS
49,34818680-89c1-11ec-a621-3f13cdb5ccc4,Arelion,1.0,1.0,CANDIDATE_MATCH,"name=exact, country ok, city/region ok, website ok",MATCHED
50,015a2194-93e5-11eb-aa66-9b8d95e2171b,Communications Network International,0.8611111111111112,0.5185185185185185,CANDIDATE_MATCH,"name=weak, country ok, city/region ok, website ok",MATCHED
51,c7288490-93e4-11eb-8859-29e7c34dee35,Ascio Technologies,0.79,0.4,CANDIDATE_UNLIKELY,"name=weak, country ok, city/region ok, website ok",BEST_GUESS
52,0054d420-11a8-11ec-a2c4-217a4c183987,Birk Denmark,0.8833333333333333,0.7222222222222222,CANDIDATE_MATCH,"name=close, country ok, website ok",MATCHED
53,431d0020-93e5-11eb-be5a-4f810ab55f2e,Atea Danmark,0.8500000000000001,0.5,CANDIDATE_MATCH,"name=weak, country ok, city/region ok, website ok",MATCHED
54,a88d6079-a859-11ef-b210-41a32fea9bc2,Atea,1.0,1.0,CANDIDATE_MATCH,"name=exact, country ok, website ok",MATCHED
55,10fa6017-93e5-11eb-aa66-9b8d95e2171b,Voister,1.0,1.0,CANDIDATE_MATCH,"name=exact, country ok, website ok",MATCHED
56,0b8b2e18-18f0-11ef-94c1-65c1f9fff714,Np Finans A/S.,0.8499999999999999,0.6666666666666666,CANDIDATE_MATCH,"name=close, country ok, website ok",MATCHED
57,5f774202-8528-11ec-b5ad-0d28dc61df96,Trebolis,0.9552631578947368,0.8421052631578947,CANDIDATE_MATCH,"name=exact, country ok, website ok",MATCHED
58,08739ca7-0b26-11ec-bb7f-351b6f1573ea,Aalborg Data,0.904054054054054,0.7567567567567568,CANDIDATE_MATCH,"name=close, country ok, website ok",MATCHED
59,65315fc3-0695-11ef-a74a-2d2c9a18d857,Aviat Electric Store,0.77,0.5333333333333333,CANDIDATE_MATCH,"name=weak, country ok, website ok",MATCHED
60,a3b73ba0-c4fc-11ec-b6cb-fdc55dfeae3a,Aviat Networks,0.7941176470588236,0.8235294117647058,CANDIDATE_UNLIKELY,"name=exact, city/region ok, website ok",BEST_GUESS
61,85513392-93e4-11eb-90d2-e3355a7e800b,ISDF,0.8902985074626866,0.5671641791044776,CANDIDATE_MATCH,"name=weak, country ok, city/region ok, website ok",MATCHED
62,79b2afc2-9ba7-11ec-81bb-a98020a63841,Axteq,1.0,1.0,CANDIDATE_MATCH,"name=exact, country ok, city/region ok, website ok",MATCHED
63,eea35cb5-1206-11ec-a59d-d5061f333c7e,AZ Technology,1.0,1.0,CANDIDATE_MATCH,"name=exact, country ok, city/region ok, website ok",MATCHED
64,3ea0da62-8ab7-11ec-ac1c-2de22eb6a532,BAE Systems Applied Intelligence,1.0,0.8205128205128205,CANDIDATE_MATCH,"name=exact, country ok, city/region ok, website ok",MATCHED
65,bb360bc2-93e4-11eb-b89f-536884b3e7dd,Basico,1.0,0.75,CANDIDATE_MATCH,"name=close, country ok, city/region ok, website ok",MATCHED
66,d57e2265-193a-11f0-abd2-b1121b4598c4,Bb connect,0.8999999999999999,1.0,CANDIDATE_MATCH,"name=exact, city/region ok, website ok",MATCHED
67,6e4bcefd-115f-11ec-bd3c-8d2e345be4e0,BBtec,1.0,1.0,CANDIDATE_MATCH,"name=exact, country ok, city/region ok, website ok",MATCHED
68,d6020a05-f722-11ed-badc-3f260589431a,BCD Engineering Services,0.7542553191489361,0.3404255319148936,CANDIDATE_UNLIKELY,"name=weak, country ok, city/region ok, website ok",BEST_GUESS
69,7ea57014-93e4-11eb-8ad6-7326edce8d21,BCD Group,0.97,0.7,CANDIDATE_MATCH,"name=close, country ok, city/region ok, website ok",MATCHED
70,c62a45a0-6cf1-11ec-bd63-974170f7dbf6,Beat,1.0,1.0,CANDIDATE_MATCH,"name=exact, country ok, city/region ok, website ok",MATCHED
71,d037a93e-18b9-11f0-94fa-471c68e22274,Beijing High-tech Dynamic Power Co. Ltd.,1.0,0.8076923076923077,CANDIDATE_MATCH,"name=exact, country ok, city/region ok, website ok",MATCHED
72,1cdc1a43-6dce-11ec-a314-7d00415f726f,BigID,1.0,1.0,CANDIDATE_MATCH,"name=exact, country ok, website ok",MATCHED
73,8bd572a1-01b3-11ef-a950-57d6400676e3,Binkies,0.8730769230769231,0.5384615384615384,CANDIDATE_MATCH,"name=weak, country ok, city/region ok, website ok",MATCHED
74,0cb674d5-93e5-11eb-aa66-9b8d95e2171b,Blackwood Seven,1.0,1.0,CANDIDATE_MATCH,"name=exact, country ok, city/region ok, website ok",MATCHED
75,1f377b2b-0c41-11ec-b09d-95ba7b1bb140,Blom Søefeldt - Erhvervspsykologisk Rådgivning,0.9318181818181819,0.6363636363636364,CANDIDATE_MATCH,"name=weak, country ok, city/region ok, website ok",MATCHED
76,f6ae0b86-93e4-11eb-91fb-73d498260b10,Boost,1.0,0.7692307692307693,CANDIDATE_MATCH,"name=close, country ok, city/region ok, website ok",MATCHED
77,a80097e2-aeff-11ef-a550-45d601d5781f,Bording Dannmark A/S.,1.0,0.9743589743589743,CANDIDATE_MATCH,"name=exact, country ok, city/region ok, website ok",MATCHED
78,e06dbd72-5b1d-11ef-8bf4-3129dd2a123f,BRAATHENS REGIONAL AIRWAYS AB.,1.0,1.0,CANDIDATE_MATCH,"name=exact, country ok, website ok",MATCHED
79,efc08410-93e4-11eb-a746-fdabd18be9c6,Brainchild Communications Pakistan,1.0,1.0,CANDIDATE_MATCH,"name=exact, country ok, website ok",MATCHED
80,f6c033f6-93e4-11eb-8859-29e7c34dee35,Brobizz,1.0,1.0,CANDIDATE_MATCH,"name=exact, country ok, city/region ok, website ok",MATCHED
81,91a6c984-27a7-11ef-ba21-2b94af863263,Bundgaard Køleteknik A/S.,1.0,0.8518518518518519,CANDIDATE_MATCH,"name=exact, country ok, city/region ok, website ok",MATCHED
82,2a0c38dd-93e5-11eb-8474-3bbe2d07207d,Bynder,0.8500000000000001,0.5,CANDIDATE_MATCH,"name=weak, country ok, city/region ok, website ok",MATCHED
83,2d5be122-0a6a-11ec-b841-af64738d2bcd,CW Aero Services,0.9624999999999999,0.6875,CANDIDATE_MATCH,"name=close, country ok, city/region ok, website ok",MATCHED
84,73d641b5-93e4-11eb-91fb-73d498260b10,Campana Group,1.0,1.0,CANDIDATE_MATCH,"name=exact, country ok, city/region ok, website ok",MATCHED
85,9dc12706-93e4-11eb-8e19-198fb02d6f96,CBRE Norway,0.8700000000000001,0.5333333333333333,CANDIDATE_MATCH,"name=weak, country ok, city/region ok, website ok",MATCHED
86,57918a20-a8bb-11ed-9a6b-af642bb25f66,CBRE Teknisk servicepartner,1.0,1.0,CANDIDATE_MATCH,"name=exact, country ok, city/region ok, website ok",MATCHED
87,f0e66671-93e4-11eb-b4a6-27899be4e45d,Cellusys,1.0,1.0,CANDIDATE_MATCH,"name=exact, country ok, website ok",MATCHED
88,0729a734-69ff-11ec-a83b-a57bf486820a,Centerforeningen for Nyvangsparken,0.8709302325581396,0.5348837209302325,CANDIDATE_MATCH,"name=weak, country ok, city/region ok, website ok",MATCHED
89,ffcc1654-120e-11ec-8f83-091abf327b82,CETIN Hungary,1.0,1.0,CANDIDATE_MATCH,"name=exact, country ok, city/region ok, website ok",MATCHED
90,26c39d80-93e5-11eb-be5a-4f810ab55f2e,China Telecom Global,1.0,1.0,CANDIDATE_MATCH,"name=exact, country ok, city/region ok, website ok",MATCHED
91,c12f14b6-b6bc-11ef-b7fc-31383e76ec39,China Unicom Singapore Operations Limited,1.0,1.0,CANDIDATE_MATCH,"name=exact, country ok, city/region ok, website ok",MATCHED
92,4db78ad2-c000-11ec-8d01-9b40ae94c55f,Chubb Global Risk Advisors,1.0,1.0,CANDIDATE_MATCH,"name=exact, country ok, website ok",MATCHED
93,23947da4-93e5-11eb-a33a-a3dfba582839,Cibicom,1.0,0.7692307692307693,CANDIDATE_MATCH,"name=close, country ok, city/region ok, website ok",MATCHED
94,9cc86f27-93e4-11eb-8e19-198fb02d6f96,Ciena,1.0,1.0,CANDIDATE_MATCH,"name=exact, country ok, city/region ok, website ok",MATCHED
95,17bb1884-8aaf-11ec-97ac-2bfe3222420d,Cisco Systems London,0.8269230769230769,0.46153846153846156,CANDIDATE_UNLIKELY,"name=weak, country ok, city/region ok, website ok",BEST_GUESS
96,9efd3f68-c418-11ef-92e8-6df27b7ad8f3,Cisco Systems Norway AS,1.0,0.75,CANDIDATE_MATCH,"name=close, country ok, city/region ok, website ok",MATCHED
97,14fe8332-93e5-11eb-8ad6-7326edce8d21,Citero,1.0,1.0,CANDIDATE_MATCH,"name=exact, country ok, city/region ok, website ok",MATCHED
98,4ba21781-93e5-11eb-a33a-a3dfba582839,Cloudera,1.0,1.0,CANDIDATE_MATCH,"name=exact, country ok, city/region ok, website ok",MATCHED
99,00bc7e85-9307-11ec-9f06-a57206a728ac,OM Technologies Sdn.Bhd.,0.9954545454545454,0.9090909090909091,CANDIDATE_MATCH,"name=exact, country ok, website ok",MATCHED
100,85816b51-93e4-11eb-a736-0f5b20ecb2f1,Comba Telecom,1.0,1.0,CANDIDATE_MATCH,"name=exact, country ok, website ok",MATCHED
101,eb823b24-1e9c-11ee-918e-3b99085851a3,COMENGINEERING SDN BHD.,1.0,1.0,CANDIDATE_MATCH,"name=exact, country ok, city/region ok, website ok",MATCHED
102,03be7761-93e5-11eb-a746-fdabd18be9c6,All Property Solutions Singapore,1.0,0.7540983606557377,CANDIDATE_MATCH,"name=close, country ok, city/region ok, website ok",MATCHED
103,ff338e8e-b929-11ed-89f1-bd62b3e1c745,Commscope Technologies Ag,1.0,1.0,CANDIDATE_MATCH,"name=exact, country ok, city/region ok, website ok",MATCHED
104,0094d3b3-1b06-11ec-8d54-8181ab1eaaa9,CommScope,0.7983870967741935,0.5806451612903226,CANDIDATE_MATCH,"name=weak, country ok, website ok",MATCHED
105,8913e0f5-93e4-11eb-91fb-73d498260b10,Comviva Technologies,1.0,1.0,CANDIDATE_MATCH,"name=exact, country ok, city/region ok, website ok",MATCHED
106,33c93c45-a7e0-11ef-af89-216a077ca7fb,Conscia Danmark A/S.,1.0,1.0,CANDIDATE_MATCH,"name=exact, country ok, website ok",MATCHED
107,39dfe365-93e5-11eb-8e19-198fb02d6f96,Control risks,1.0,0.8125,CANDIDATE_MATCH,"name=exact, country ok, city/region ok, website ok",MATCHED
108,e48e4e11-93e4-11eb-919a-b3f9a5ad205c,Corporate Communications,1.0,1.0,CANDIDATE_MATCH,"name=exact, country ok, city/region ok, website ok",MATCHED
109,1b4afc0c-8dec-11ec-8c86-416dde49cf85,Coupa Software India Pvt. Ltd.,1.0,0.8235294117647058,CANDIDATE_MATCH,"name=exact, country ok, city/region ok, website ok",MATCHED
110,4be4c2c9-19ac-11f0-8c60-6f90bb77efef,Coursera,1.0,1.0,CANDIDATE_MATCH,"name=exact, country ok, city/region ok, website ok",MATCHED
111,b9ebf60e-f3c1-11ed-afbd-cd002aee0352,Crayon A/S.,1.0,1.0,CANDIDATE_MATCH,"name=exact, country ok, website ok",MATCHED
112,68be1d41-0513-11ec-a70c-db146ac6cf39,CEE CRAYON,1.0,0.75,CANDIDATE_MATCH,"name=close, country ok, city/region ok, website ok",MATCHED
113,6a476573-fc5f-11ed-8ac7-07e1fa4e1850,Crayon Creation,0.8928571428571428,0.5714285714285714,CANDIDATE_MATCH,"name=weak, country ok, city/region ok, website ok",MATCHED
114,01be7de3-0c24-11ec-aa7c-a3d935d57c91,CrowdStrike,0.9785714285714286,0.7142857142857143,CANDIDATE_MATCH,"name=close, country ok, city/region ok, website ok",MATCHED
115,c7c58151-43ae-11ef-b5d2-e5c02fb4c089,Searcher,1.0,1.0,CANDIDATE_MATCH,"name=exact, country ok, website ok",MATCHED
116,e8e82741-5871-11ec-b633-39790144a985,Cushman & Wakefield Services Thailand Co. Ltd.,1.0,1.0,CANDIDATE_MATCH,"name=exact, country ok, website ok",MATCHED
117,1e999e70-93e5-11eb-91fb-73d498260b10,Dades,0.9224137931034484,0.6206896551724138,CANDIDATE_MATCH,"name=weak, country ok, city/region ok, website ok",MATCHED
118,d73874c7-93e4-11eb-a736-0f5b20ecb2f1,Bonnier Magazine Data,0.9029411764705884,0.5882352941176471,CANDIDATE_MATCH,"name=weak, country ok, city/region ok, website ok",MATCHED
119,01e830c0-93e5-11eb-91fb-73d498260b10,Daily Dunya,0.8673913043478261,0.6956521739130435,CANDIDATE_MATCH,"name=close, country ok, website ok",MATCHED
120,070edae0-93e5-11eb-b4a6-27899be4e45d,Dansk Kredit Råd,0.9750000000000001,0.875,CANDIDATE_MATCH,"name=exact, country ok, website ok",MATCHED
121,1f89f1e3-93e5-11eb-b5f6-816dd10ac7b0,Dansk Sundhedssikring,0.9785714285714286,0.7142857142857143,CANDIDATE_MATCH,"name=close, country ok, city/region ok, website ok",MATCHED
122,c6eb5470-93e4-11eb-9937-4fab995bf8ff,Danske Bank,1.0,1.0,CANDIDATE_MATCH,"name=exact, country ok, website ok",MATCHED
123,fdd5fee0-9bc7-11ec-abde-87ab8965fdf7,Dantec Nordics,1.0,1.0,CANDIDATE_MATCH,"name=exact, country ok, city/region ok, website ok",MATCHED
124,08e9dc7d-93e5-11eb-919a-b3f9a5ad205c,DEAS Group,1.0,1.0,CANDIDATE_MATCH,"name=exact, country ok, website ok",MATCHED
125,2840eeb8-93e5-11eb-8859-29e7c34dee35,Deko Style,0.9029411764705884,0.5882352941176471,CANDIDATE_MATCH,"name=weak, country ok, city/region ok, website ok",MATCHED
126,8647efa3-93e4-11eb-90d2-e3355a7e800b,Delfi Technologies,1.0,0.9,CANDIDATE_MATCH,"name=exact, country ok, city/region ok, website ok",MATCHED
127,beddde1c-93e4-11eb-8859-29e7c34dee35,Dell,1.0,1.0,CANDIDATE_MATCH,"name=exact, country ok, city/region ok, website ok",MATCHED
128,1fe10718-f025-11ee-9eb6-8ba0a080e844,Dellstore Thailand,0.8127906976744186,0.6046511627906976,CANDIDATE_MATCH,"name=weak, country ok, website ok",MATCHED
129,db126bb1-6d0e-11ec-bd4d-65aaf75c66b8,DELL Repairs,0.8340000000000001,0.64,CANDIDATE_MATCH,"name=weak, country ok, website ok",MATCHED
130,b69603af-1aff-11ec-bc98-195cbdc2446a,Deloitte Norge,0.8242857142857143,0.45714285714285713,CANDIDATE_UNLIKELY,"name=weak, country ok, city/region ok, website ok",BEST_GUESS
131,b69603af-1aff-11ec-bc98-195cbdc2446a,Deloitte Norge,0.9863636363636363,0.7272727272727273,CANDIDATE_MATCH,"name=close, country ok, city/region ok, website ok",MATCHED
132,4d8576a2-14c1-11ee-98f2-2b13cee7793d,Deloitte Consulting Malaysia Sdn Bhd.,1.0,0.8627450980392157,CANDIDATE_MATCH,"name=exact, country ok, city/region ok, website ok",MATCHED
133,b14fddd0-93e4-11eb-b89f-536884b3e7dd,Revisto Statsautoriseret Revisionspartnerselskab,0.9448453608247422,0.8247422680412371,CANDIDATE_MATCH,"name=exact, country ok, website ok",MATCHED
134,0ede7fca-2dc6-11ec-b49b-63e83532064d,Aalborg Engineering A/S.,0.8,0.5833333333333334,CANDIDATE_MATCH,"name=weak, country ok, website ok",MATCHED
135,169a31db-93e5-11eb-919a-b3f9a5ad205c,Eltek,1.0,1.0,CANDIDATE_MATCH,"name=exact, country ok, city/region ok, website ok",MATCHED
136,70923a3d-93e4-11eb-a33a-a3dfba582839,Delta Electronics,1.0,0.75,CANDIDATE_MATCH,"name=close, country ok, city/region ok, website ok",MATCHED
137,8a43b7b9-8ab5-11ec-a3f9-e9923ce0ea68,DHL Express Singapore,1.0,1.0,CANDIDATE_MATCH,"name=exact, country ok, city/region ok, website ok",MATCHED
138,9d28dea3-93e4-11eb-86dd-ffbd1b53140e,DIAL ZERO,1.0,1.0,CANDIDATE_MATCH,"name=exact, country ok, website ok",MATCHED
139,72b56be0-9bde-11ec-95de-cd207dca11db,CashbackAPP,0.9182926829268292,0.7804878048780488,CANDIDATE_MATCH,"name=close, country ok, website ok",MATCHED
140,c2b35013-93e4-11eb-b997-8dd98d09cf25,DiGi Telecommunications,1.0,1.0,CANDIDATE_MATCH,"name=exact, country ok, city/region ok, website ok",MATCHED
141,c2b35013-93e4-11eb-b997-8dd98d09cf25,DiGi Telecommunications,1.0,1.0,CANDIDATE_MATCH,"name=exact, country ok, city/region ok, website ok",MATCHED
142,8d887918-93e4-11eb-8859-29e7c34dee35,DK ROOF,0.7928571428571427,0.5714285714285714,CANDIDATE_MATCH,"name=weak, country ok, website ok",MATCHED
143,880cd138-93e4-11eb-9937-4fab995bf8ff,DNA,1.0,1.0,CANDIDATE_MATCH,"name=exact, country ok, website ok",MATCHED
144,713a067e-a5ad-11ef-99b4-e30dab6798c3,DNB BANK,0.9055555555555554,0.5925925925925926,CANDIDATE_MATCH,"name=weak, country ok, city/region ok, website ok",MATCHED
145,8bcafce7-fd80-11ec-b001-69323b7ad0d1,Dansk System Assurance A/S.,0.786,0.56,CANDIDATE_MATCH,"name=weak, country ok, website ok",MATCHED
146,5ed6dfd6-205c-11ee-8d01-ef4abbbd90e4,Dtac-trinet,1.0,1.0,CANDIDATE_MATCH,"name=exact, country ok, website ok",MATCHED
147,18777d50-93e5-11eb-be3a-7f925cb94351,Dubex,1.0,1.0,CANDIDATE_MATCH,"name=exact, country ok, city/region ok, website ok",MATCHED
148,d3ccacb0-a3ce-11ed-b93a-8509659c73d1,DXC Technology Norge AS,1.0,1.0,CANDIDATE_MATCH,"name=exact, country ok, website ok",MATCHED
149,f19d20b5-250a-11ec-b70f-ed0ff919fa1a,DXC Technology Sverige AB.,1.0,1.0,CANDIDATE_MATCH,"name=exact, country ok, website ok",MATCHED
150,6fef3cc3-499f-11ee-955d-cffc14e1ac7f,Dynamic-Telecommunication Sdn Bhd.,1.0,1.0,CANDIDATE_MATCH,"name=exact, country ok, city/region ok, website ok",MATCHED
151,6cc2cc31-a630-11ed-9a26-bbb8582c677b,Eastcompeace Singapore Pte Ltd.,1.0,1.0,CANDIDATE_MATCH,"name=exact, country ok, city/region ok, website ok",MATCHED
152,203f5ad6-b918-11ed-bc6c-cde58c4dffa0,Eastcompeace Smart Card Bangladesh Limited.,1.0,1.0,CANDIDATE_MATCH,"name=exact, country ok, website ok",MATCHED
153,d3e5dfe4-123f-11ec-b7b8-257f68cd18d4,Eastcompeace,1.0,1.0,CANDIDATE_MATCH,"name=exact, country ok, city/region ok, website ok",MATCHED
154,2a2e9a98-1200-11ec-b96f-e38fcfed8310,eCapacity,1.0,1.0,CANDIDATE_MATCH,"name=exact, country ok, city/region ok, website ok",MATCHED
155,2b50edd1-93e5-11eb-a746-fdabd18be9c6,ECI Media Management,1.0,1.0,CANDIDATE_MATCH,"name=exact, country ok, city/region ok, website ok",MATCHED
156,2b50edd1-93e5-11eb-a746-fdabd18be9c6,ECI Media Management,1.0,1.0,CANDIDATE_MATCH,"name=exact, country ok, website ok",MATCHED
157,c01a55bf-93e4-11eb-9937-4fab995bf8ff,EDOTCO Group,1.0,1.0,CANDIDATE_MATCH,"name=exact, country ok, city/region ok, website ok",MATCHED
158,00585f10-03dd-11ec-88c1-8d1ee037d45b,Aquamatch,0.78,0.55,CANDIDATE_MATCH,"name=weak, country ok, website ok",MATCHED
159,386ddce7-93e5-11eb-b4a6-27899be4e45d,Egencia,1.0,1.0,CANDIDATE_MATCH,"name=exact, country ok, website ok",MATCHED
160,61aa4157-4588-11ed-9ac3-0bfc898c3189,Egencia,0.8999999999999999,1.0,CANDIDATE_MATCH,"name=exact, city/region ok, website ok",MATCHED
161,06e4ced6-ff7f-11eb-84ab-359586b9329a,Egencia,0.95,0.6666666666666666,CANDIDATE_MATCH,"name=close, country ok, city/region ok, website ok",MATCHED
162,49c538c1-0505-11ec-8ca3-7ba9e5b40c47,Egencia Switzerland,0.6363636363636364,0.7272727272727273,CANDIDATE_UNLIKELY,"name=close, website ok",BEST_GUESS
163,9ade0445-93e4-11eb-8ad6-7326edce8d21,eGeneration,1.0,1.0,CANDIDATE_MATCH,"name=exact, country ok, city/region ok, website ok",MATCHED
164,6cc5eff0-93e4-11eb-8ad6-7326edce8d21,Elgiganten,0.904054054054054,0.7567567567567568,CANDIDATE_MATCH,"name=close, country ok, website ok",MATCHED
165,f2d78814-93e4-11eb-8859-29e7c34dee35,Eltel Networks,0.9844827586206897,0.7241379310344828,CANDIDATE_MATCH,"name=close, country ok, city/region ok, website ok",MATCHED
166,ab422f07-93e4-11eb-86dd-ffbd1b53140e,Energy Cool,1.0,0.8461538461538461,CANDIDATE_MATCH,"name=exact, country ok, city/region ok, website ok",MATCHED
167,0a8c7fb4-1403-11ec-9819-3df44af6372a,Spółka OLOGROUP Spółka z ograniczoną odpowiedzialnością,0.8461165048543688,0.6601941747572816,CANDIDATE_MATCH,"name=close, country ok, website ok",MATCHED
168,b6dc75a2-93e4-11eb-aa66-9b8d95e2171b,Norlys,0.9605263157894737,0.6842105263157895,CANDIDATE_MATCH,"name=close, country ok, city/region ok, website ok",MATCHED
169,dd63e4c0-93e4-11eb-8ad6-7326edce8d21,Campaigns,0.81,0.6,CANDIDATE_MATCH,"name=weak, country ok, website ok",MATCHED
170,1b8f0f20-2504-11ec-87f0-9df72566ba84,Ericsson,0.8340000000000001,0.64,CANDIDATE_MATCH,"name=weak, country ok, website ok",MATCHED
171,d2916f52-250a-11ec-8093-db09f614eb78,Ericsson Thailand Ltd.,1.0,1.0,CANDIDATE_MATCH,"name=exact, country ok, city/region ok, website ok",MATCHED
172,334cae31-0bcc-11ec-a040-cbff7458f722,Ericsson Väst Seniorförening,1.0,1.0,CANDIDATE_MATCH,"name=exact, country ok, city/region ok, website ok",MATCHED
173,ff083300-a7b5-11ed-bec3-afeedabcf530,Ericsson AS,1.0,1.0,CANDIDATE_MATCH,"name=exact, country ok, website ok",MATCHED
174,36729930-2d35-11ed-98d8-c5babc9e48bf,Ericsson,0.8928571428571428,0.5714285714285714,CANDIDATE_MATCH,"name=weak, country ok, city/region ok, website ok",MATCHED
175,daa8f764-0040-11ef-9687-91451869a05d,Ernst Engineering Pte. Ltd.,0.7833333333333334,0.3888888888888889,CANDIDATE_UNLIKELY,"name=weak, country ok, city/region ok, website ok",BEST_GUESS
176,f977dde5-f3a1-11ed-b737-7b786e8fdbf4,Ey Grønland Godkendt Revisionsanpartsselskab,0.9360759493670885,0.810126582278481,CANDIDATE_MATCH,"name=exact, country ok, website ok",MATCHED
177,33a00afc-f81d-11ed-8ed0-97e170af3960,Batteriindsamling ERP Denmark ApS.,0.925,0.625,CANDIDATE_MATCH,"name=weak, country ok, city/region ok, website ok",MATCHED
178,e87217f9-93e4-11eb-8ad6-7326edce8d21,Estel Technologies,1.0,1.0,CANDIDATE_MATCH,"name=exact, country ok, website ok",MATCHED
179,45dbaaf8-93e5-11eb-8e19-198fb02d6f96,EUTELSAT IGO,1.0,0.75,CANDIDATE_MATCH,"name=close, country ok, city/region ok, website ok",MATCHED
180,8674cc02-93e4-11eb-be5a-4f810ab55f2e,Ework Group,0.99,0.7333333333333333,CANDIDATE_MATCH,"name=close, country ok, city/region ok, website ok",MATCHED
181,04032183-93e5-11eb-b5f6-816dd10ac7b0,BioSite,0.973529411764706,0.7058823529411765,CANDIDATE_MATCH,"name=close, country ok, city/region ok, website ok",MATCHED
182,ef614d16-93e4-11eb-aa66-9b8d95e2171b,Universal Music,0.8011627906976744,0.4186046511627907,CANDIDATE_UNLIKELY,"name=weak, country ok, city/region ok, website ok",BEST_GUESS
183,3cac22c6-93e5-11eb-9937-4fab995bf8ff,EXFO,0.8999999999999999,1.0,CANDIDATE_MATCH,"name=exact, city/region ok, website ok",MATCHED
184,2253d9c0-1ea3-11ee-b65c-eb6aa2a5b79c,Exide Technologies avd Bergen,1.0,0.7659574468085106,CANDIDATE_MATCH,"name=close, country ok, city/region ok, website ok",MATCHED
185,14903104-93e5-11eb-90d2-e3355a7e800b,Al Huda Publications,0.8400000000000001,0.65,CANDIDATE_MATCH,"name=close, country ok, website ok",MATCHED
186,5890bff3-112b-11ec-b06c-d1fadf322ad0,EXTENDA RETAIL,0.97,0.7,CANDIDATE_MATCH,"name=close, country ok, city/region ok, website ok",MATCHED
187,631c5ae7-e7f1-11ec-ad32-8d2a499c20f7,F5 Networks Inc.,1.0,1.0,CANDIDATE_MATCH,"name=exact, country ok, website ok",MATCHED
188,bbc22cb4-f88f-11ed-8b62-8d44f5b628fe,Facebook 3,0.9192307692307693,0.6153846153846154,CANDIDATE_MATCH,"name=weak, country ok, city/region ok, website ok",MATCHED
189,bdc409a2-93e4-11eb-be3a-7f925cb94351,Falck Danmark,1.0,0.8666666666666667,CANDIDATE_MATCH,"name=exact, country ok, city/region ok, website ok",MATCHED
190,4bd4a421-725b-11ec-a37c-11c248193b5d,Mall of Malaysia,0.8242857142857143,0.45714285714285713,CANDIDATE_UNLIKELY,"name=weak, country ok, city/region ok, website ok",BEST_GUESS
191,ff5c55c1-93e4-11eb-aa66-9b8d95e2171b,Favro,0.8833333333333333,0.5555555555555556,CANDIDATE_MATCH,"name=weak, country ok, city/region ok, website ok",MATCHED
192,cfbf9d41-93e4-11eb-a736-0f5b20ecb2f1,Fiberail,1.0,1.0,CANDIDATE_MATCH,"name=exact, country ok, website ok",MATCHED
193,aade3d11-93e4-11eb-919a-b3f9a5ad205c,FIBRECOMM,0.9357142857142857,0.6428571428571429,CANDIDATE_MATCH,"name=weak, country ok, city/region ok, website ok",MATCHED
194,149e2513-aac5-11ef-8555-0dd834e09bbc,Dansk Iso Teknik,0.9642857142857142,0.8571428571428571,CANDIDATE_MATCH,"name=exact, country ok, website ok",MATCHED
195,44240fe3-93e5-11eb-919a-b3f9a5ad205c,Form Danmark,1.0,1.0,CANDIDATE_MATCH,"name=exact, country ok, website ok",MATCHED
196,33003ea0-93e5-11eb-b5f6-816dd10ac7b0,Dalen legesenter,0.7,0.25,CANDIDATE_UNLIKELY,"name=weak, country ok, city/region ok, website ok",BEST_GUESS
197,5b67817a-1b01-11ec-adc9-5d86e79c45f3,Gartner Advisory S Pte Ltd.,1.0,0.8181818181818182,CANDIDATE_MATCH,"name=exact, country ok, city/region ok, website ok",MATCHED
198,21d91ebf-1b00-11ec-a8e8-f10d0988514b,Gartner Norge,1.0,1.0,CANDIDATE_MATCH,"name=exact, country ok, city/region ok, website ok",MATCHED
199,85de0a40-93e4-11eb-90d2-e3355a7e800b,Lawyers Travel,0.8999999999999999,1.0,CANDIDATE_MATCH,"name=exact, city/region ok, website ok",MATCHED
200,ce7a4c04-93e4-11eb-90d2-e3355a7e800b,Genex Infosys,1.0,1.0,CANDIDATE_MATCH,"name=exact, country ok, city/region ok, website ok",MATCHED
201,fce143ad-93e4-11eb-86dd-ffbd1b53140e,HarPal Geo,0.7258620689655173,0.45977011494252873,CANDIDATE_UNLIKELY,"name=weak, country ok, website ok",BEST_GUESS
202,404994d0-93e5-11eb-8474-3bbe2d07207d,Gintel Norway,0.9289473684210525,0.631578947368421,CANDIDATE_MATCH,"name=weak, country ok, city/region ok, website ok",MATCHED
203,d9a64075-93e4-11eb-9937-4fab995bf8ff,GlobalConnect,1.0,1.0,CANDIDATE_MATCH,"name=exact, country ok, website ok",MATCHED
204,fe92eb43-93e4-11eb-9937-4fab995bf8ff,Glory Fashions,1.0,1.0,CANDIDATE_MATCH,"name=exact, country ok, city/region ok, website ok",MATCHED
205,eb6bf704-93e4-11eb-97db-273ba5953680,Goecker since 1862,0.99,0.7333333333333333,CANDIDATE_MATCH,"name=close, country ok, city/region ok, website ok",MATCHED
206,b8ca3bec-93e4-11eb-9937-4fab995bf8ff,GoGift,0.95,0.8333333333333334,CANDIDATE_MATCH,"name=exact, country ok, website ok",MATCHED
207,1d514729-01ae-11ef-ba8c-a5c322c4d97c,Google Asia Pacific Pte. Ltd.,1.0,1.0,CANDIDATE_MATCH,"name=exact, country ok, city/region ok, website ok",MATCHED
208,9b99eb38-8535-11ed-b736-cdd032151ab1,Bon Plan Sur Mesure,0.8,1.0,CANDIDATE_UNLIKELY,"name=exact, website ok",BEST_GUESS
209,be55a775-c4b2-11ec-af9f-718ab7b26330,Google Commerce Limited,1.0,1.0,CANDIDATE_MATCH,"name=exact, country ok, website ok",MATCHED
210,c9226d45-aa22-11ed-bb93-cd216f6acc3c,Anbieter Google Ireland,1.0,0.7567567567567568,CANDIDATE_MATCH,"name=close, country ok, city/region ok, website ok",MATCHED
211,0e257043-dc98-11ef-b8b0-a1dc081da81f,Grameenphone Centre,0.9145161290322581,0.7741935483870968,CANDIDATE_MATCH,"name=close, country ok, website ok",MATCHED
212,03ae71d3-93e5-11eb-aa66-9b8d95e2171b,playscapes Denmark,0.8686046511627907,0.6976744186046512,CANDIDATE_MATCH,"name=close, country ok, website ok",MATCHED
213,8f4956d2-8532-11ec-bedf-6b4991910e00,Green Packet Academy,1.0,0.7692307692307693,CANDIDATE_MATCH,"name=close, country ok, city/region ok, website ok",MATCHED
214,7f603490-93e4-11eb-86dd-ffbd1b53140e,GreenMind Aalborg,1.0,1.0,CANDIDATE_MATCH,"name=exact, country ok, website ok",MATCHED
215,fd557720-5982-11ec-a195-fb7c9849e658,Backpage PR,1.0,1.0,CANDIDATE_MATCH,"name=exact, country ok, website ok",MATCHED
216,b1eae542-93e4-11eb-aa66-9b8d95e2171b,GSMA Training,1.0,1.0,CANDIDATE_MATCH,"name=exact, country ok, city/region ok, website ok",MATCHED
217,4214b8bf-1d88-11ef-a07a-c90c75a354c8,Harbin Xinju New Energy Co. Ltd.,0.9663265306122448,0.6938775510204082,CANDIDATE_MATCH,"name=close, country ok, city/region ok, website ok",MATCHED
218,c176b163-93e4-11eb-b89f-536884b3e7dd,Sikring Nord,0.9299999999999999,0.8,CANDIDATE_MATCH,"name=exact, country ok, website ok",MATCHED
219,8dbea451-93e4-11eb-a33a-a3dfba582839,HELP Försäkring,0.741891891891892,0.4864864864864865,CANDIDATE_UNLIKELY,"name=weak, country ok, website ok",BEST_GUESS
220,a90e10f4-93e4-11eb-be5a-4f810ab55f2e,HELP Forsikring,1.0,1.0,CANDIDATE_MATCH,"name=exact, country ok, city/region ok, website ok",MATCHED
221,bb79f296-93e4-11eb-86dd-ffbd1b53140e,HELP Forsikring,1.0,0.7640449438202247,CANDIDATE_MATCH,"name=close, country ok, city/region ok, website ok",MATCHED
222,8de2ce1b-93e4-11eb-a33a-a3dfba582839,Herm,1.0,1.0,CANDIDATE_MATCH,"name=exact, country ok, website ok",MATCHED
223,19b24740-93e5-11eb-aa66-9b8d95e2171b,HEST Agentur,1.0,1.0,CANDIDATE_MATCH,"name=exact, country ok, city/region ok, website ok",MATCHED
224,6cf9d142-93e4-11eb-8859-29e7c34dee35,HETEK,1.0,1.0,CANDIDATE_MATCH,"name=exact, country ok, city/region ok, website ok",MATCHED
225,50812e6c-287f-11ee-a1a1-25b0e3a879fc,Hewlett Packard Sales m Sdn. Bhd.,1.0,0.85,CANDIDATE_MATCH,"name=exact, country ok, city/region ok, website ok",MATCHED
226,c71f7ee3-0402-11ef-a267-5139ead7b0d4,Hewlett-Packard Thailand Company Limited,0.9642857142857142,0.8571428571428571,CANDIDATE_MATCH,"name=exact, country ok, website ok",MATCHED
227,571d319b-1e68-11ee-8977-f9df9a4bf47f,Hewlett-Packard ApS.,1.0,1.0,CANDIDATE_MATCH,"name=exact, country ok, website ok",MATCHED
228,3c21e427-93e5-11eb-8859-29e7c34dee35,Tiny Elephant,0.7617647058823529,0.35294117647058826,CANDIDATE_UNLIKELY,"name=weak, country ok, city/region ok, website ok",BEST_GUESS
229,d3c03269-e0ca-11ee-af37-875b13c328d9,Hewlett Packard Depot Rd,0.9209090909090909,0.6181818181818182,CANDIDATE_MATCH,"name=weak, country ok, city/region ok, website ok",MATCHED
230,4676a351-f930-11ed-b4e8-cf8e051b3eab,Hewlett-Packard Sverige AB.,1.0,1.0,CANDIDATE_MATCH,"name=exact, country ok, website ok",MATCHED
231,973dd312-93e4-11eb-90d2-e3355a7e800b,High Touch High Tech,0.9785714285714286,0.7142857142857143,CANDIDATE_MATCH,"name=close, country ok, city/region ok, website ok",MATCHED
232,acbf3216-93e4-11eb-a746-fdabd18be9c6,Holdsport,0.982,0.72,CANDIDATE_MATCH,"name=close, country ok, city/region ok, website ok",MATCHED
233,4d284b47-0afe-11ec-b45f-7fdf93e89edf,Hoppecke,1.0,0.9473684210526315,CANDIDATE_MATCH,"name=exact, country ok, website ok",MATCHED
234,f6162cf3-5a2d-11ed-be40-7d734d234848,HP Inc Thailand Ltd.,0.9236842105263157,0.7894736842105263,CANDIDATE_MATCH,"name=close, country ok, website ok",MATCHED
235,e861f812-cf3e-11ed-a9e6-41f52173ea03,HP Inc Denmark ApS.,1.0,0.9444444444444444,CANDIDATE_MATCH,"name=exact, country ok, city/region ok, website ok",MATCHED
236,6fb6df80-918f-11ed-9198-5108792e5842,HP Norge,1.0,1.0,CANDIDATE_MATCH,"name=exact, country ok, city/region ok, website ok",MATCHED
237,d5c3fb2e-a8c9-11ef-9c3c-1f32e3c7982a,HP PPS Sales Sdn Bhd.,1.0,1.0,CANDIDATE_MATCH,"name=exact, country ok, city/region ok, website ok",MATCHED
238,28cb5283-f474-11ec-9207-43fec1f49158,GG Playfest,1.0,1.0,CANDIDATE_MATCH,"name=exact, country ok, website ok",MATCHED
239,81727301-2350-11ec-be87-a3acfe0d4893,Huawei Enterprise,1.0,1.0,CANDIDATE_MATCH,"name=exact, country ok, city/region ok, website ok",MATCHED
240,b51941d7-93e4-11eb-a746-fdabd18be9c6,Shahidul Islam Sarker,1.0,1.0,CANDIDATE_MATCH,"name=exact, country ok, website ok",MATCHED
241,3821892f-0c58-11ec-a1e5-5b23ac48a38b,Xplora Technologies Denmark,0.9637931034482758,0.6896551724137931,CANDIDATE_MATCH,"name=close, country ok, city/region ok, website ok",MATCHED
242,3e229adb-f5be-11ed-9659-9b00f4ea9e93,Huawei Technologies Malaysia Sdn Bhd TRX,1.0,0.8235294117647058,CANDIDATE_MATCH,"name=exact, country ok, city/region ok, website ok",MATCHED
243,98a3b367-2d1d-11ed-bff5-21b6c2658068,Huawei Technologies Thailand Co Ltd.,1.0,1.0,CANDIDATE_MATCH,"name=exact, country ok, city/region ok, website ok",MATCHED
244,fea798e2-1afc-11ec-9308-05476ec24aab,Huawei Technologies Norway AS,1.0,1.0,CANDIDATE_MATCH,"name=exact, country ok, city/region ok, website ok",MATCHED
245,4bd95951-e516-11ed-ae31-691dccb8b954,Huawei Technologies Pakistan,1.0,1.0,CANDIDATE_MATCH,"name=exact, country ok, city/region ok, website ok",MATCHED
246,d15378e1-04d0-11ec-a6a3-7d13d87fe979,Future of Wireless,1.0,1.0,CANDIDATE_MATCH,"name=exact, country ok, website ok",MATCHED
247,7d5aecb0-1b05-11ec-88d5-df9161de908b,Huber Suhner A/S.,1.0,1.0,CANDIDATE_MATCH,"name=exact, country ok, website ok",MATCHED
248,30069d60-1403-11ec-a8a5-7542bec9389d,Huber Suhner AG,1.0,1.0,CANDIDATE_MATCH,"name=exact, country ok, website ok",MATCHED
249,e74584c3-3317-11ec-8c1a-73d6fe4b34be,HUBER SUHNER,0.6,0.6666666666666666,CANDIDATE_UNLIKELY,"name=close, website ok",BEST_GUESS
250,395074a2-93e5-11eb-a746-fdabd18be9c6,Hum Network,1.0,1.0,CANDIDATE_MATCH,"name=exact, country ok, website ok",MATCHED
251,14161f0e-93e5-11eb-97db-273ba5953680,Human Edge,0.9370967741935483,0.6451612903225806,CANDIDATE_MATCH,"name=weak, country ok, city/region ok, website ok",MATCHED
252,f035adb0-d13e-11ec-a4fa-c3f40e4b757a,Hydro Rein,0.8227272727272728,0.45454545454545453,CANDIDATE_UNLIKELY,"name=weak, country ok, city/region ok, website ok",BEST_GUESS
253,0131b200-93e5-11eb-a736-0f5b20ecb2f1,SJEC,0.8499999999999999,0.6666666666666666,CANDIDATE_MATCH,"name=close, country ok, website ok",MATCHED
254,33e93227-8a9a-11ec-8f0a-eb02b2415b08,IDEMIA France SAS.,1.0,1.0,CANDIDATE_MATCH,"name=exact, country ok, website ok",MATCHED
255,03831c14-93e5-11eb-a33a-a3dfba582839,Oberthur Technologies,0.7142857142857142,0.8571428571428571,CANDIDATE_UNLIKELY,"name=exact, website ok",BEST_GUESS
256,16d6c5a0-93e5-11eb-90d2-e3355a7e800b,Ikano Bank,0.9605263157894737,0.6842105263157895,CANDIDATE_MATCH,"name=close, country ok, city/region ok, website ok",MATCHED
257,d17fb890-2507-11ec-af5c-e506962f8a3b,Bangla Trac Miaki Vas Limited,0.69,0.4,CANDIDATE_UNLIKELY,"name=weak, country ok, website ok",BEST_GUESS
258,df37ba50-93e4-11eb-b89f-536884b3e7dd,IMImobile,0.982,0.72,CANDIDATE_MATCH,"name=close, country ok, city/region ok, website ok",MATCHED
259,c2a15e50-d5c4-11ee-b607-b56d5b475a9b,Independent Pak Media,0.986842105263158,0.8947368421052632,CANDIDATE_MATCH,"name=exact, country ok, website ok",MATCHED
260,3eb2bbab-17c0-11f0-af94-ddfd1c46b53d,INFINERA CORP,1.0,1.0,CANDIDATE_MATCH,"name=exact, country ok, city/region ok, website ok",MATCHED
261,74b0872f-c6bc-11ec-9cce-25d31d8cde64,INFOMEDIAAN,1.0,1.0,CANDIDATE_MATCH,"name=exact, country ok, city/region ok, website ok",MATCHED
262,dcc5e190-22df-11ec-817c-6169a8cec47d,Infosys Limited,1.0,1.0,CANDIDATE_MATCH,"name=exact, country ok, city/region ok, website ok",MATCHED
263,23bb110e-49a8-11ef-b831-79711486170a,INGRAM MICRO NORDIC LOGISTICS AB.,0.7657894736842106,0.5263157894736842,CANDIDATE_MATCH,"name=weak, country ok, website ok",MATCHED
264,72c0cb60-0a5c-11ed-93fa-95e7af8bdf7c,InLumi DOT,0.8699999999999999,0.7,CANDIDATE_MATCH,"name=close, country ok, website ok",MATCHED
265,b99023f2-93e4-11eb-a33a-a3dfba582839,InsiderSecurity,1.0,1.0,CANDIDATE_MATCH,"name=exact, country ok, city/region ok, website ok",MATCHED
266,99015501-93e4-11eb-b4a6-27899be4e45d,Integrity Risk International,1.0,1.0,CANDIDATE_MATCH,"name=exact, country ok, city/region ok, website ok",MATCHED
267,886a8187-93e4-11eb-b4a6-27899be4e45d,Intouch Insight,1.0,1.0,CANDIDATE_MATCH,"name=exact, country ok, city/region ok, website ok",MATCHED
268,04fe7362-01b4-11ef-ade1-91904611b689,FINANCE SKY,0.77,0.5333333333333333,CANDIDATE_MATCH,"name=weak, country ok, website ok",MATCHED
269,3c29f631-0c51-11ec-a966-a7729a63d3f1,Advisas GmbH,0.6499999999999999,0.75,CANDIDATE_UNLIKELY,"name=close, website ok",BEST_GUESS
270,9b3460e0-4e9a-11ef-9005-197c1f23de9c,IPG Mediabrands APAC,0.8499999999999999,0.6666666666666666,CANDIDATE_MATCH,"name=close, country ok, website ok",MATCHED
271,dff13de7-1afd-11ec-a31a-a7a88bbb321b,Ipsos Sdn Bhd.,1.0,1.0,CANDIDATE_MATCH,"name=exact, country ok, website ok",MATCHED
272,52dd79a7-64a6-11ee-8ba4-c1d00e9cebfd,ISS Facility Services Ltd.,1.0,0.9130434782608695,CANDIDATE_MATCH,"name=exact, country ok, city/region ok, website ok",MATCHED
273,44c706f1-24fe-11ec-ad6a-91b64789543a,ISS Faciliy Services AB.,1.0,0.975609756097561,CANDIDATE_MATCH,"name=exact, country ok, website ok",MATCHED
274,b6933ece-a507-11ec-aceb-79f5b854cd8b,ISS Facility Services Norge,1.0,0.875,CANDIDATE_MATCH,"name=exact, country ok, city/region ok, website ok",MATCHED
275,c2b80b00-93e4-11eb-a33a-a3dfba582839,ISS,0.7617647058823529,0.35294117647058826,CANDIDATE_UNLIKELY,"name=weak, country ok, city/region ok, website ok",BEST_GUESS
276,6d50f1e1-93e4-11eb-b4a6-27899be4e45d,Itectra,1.0,1.0,CANDIDATE_MATCH,"name=exact, country ok, website ok",MATCHED
277,aceeb54f-027f-11ec-adbd-5ff720d6d289,Jack of Digital,1.0,1.0,CANDIDATE_MATCH,"name=exact, country ok, city/region ok, website ok",MATCHED
278,9a231582-f08a-11ee-bb80-a5cc5b62150c,Aeongroup,0.8499999999999999,0.6666666666666666,CANDIDATE_MATCH,"name=close, country ok, website ok",MATCHED
279,7f176bc0-93e4-11eb-a746-fdabd18be9c6,Jastel,0.9299999999999999,0.8,CANDIDATE_MATCH,"name=exact, country ok, website ok",MATCHED
280,117f0e3f-9c88-11ef-8bab-03376d671938,JLL CORPORATE SOLUTIONS AB.,1.0,1.0,CANDIDATE_MATCH,"name=exact, country ok, website ok",MATCHED
281,059cad4c-93e5-11eb-a33a-a3dfba582839,Jobindex,0.982,0.72,CANDIDATE_MATCH,"name=close, country ok, city/region ok, website ok",MATCHED
282,821f5497-93e4-11eb-a736-0f5b20ecb2f1,JobStreet,0.6909090909090909,0.8181818181818182,CANDIDATE_UNLIKELY,"name=exact, website ok",BEST_GUESS
283,b9a72e67-93e4-11eb-8474-3bbe2d07207d,Sabroe,1.0,1.0,CANDIDATE_MATCH,"name=exact, country ok, city/region ok, website ok",MATCHED
284,a0c7c82f-a62d-11ed-b2cd-53de41d2c5f2,Jones Lang Lasalle Property Consultants Pte. Ltd.,1.0,1.0,CANDIDATE_MATCH,"name=exact, country ok, website ok",MATCHED
285,14b174a0-93e5-11eb-8ad6-7326edce8d21,Kahoot,0.5096774193548387,0.5161290322580645,CANDIDATE_UNLIKELY,"name=weak, website ok",UNMATCHED
286,4e032ab4-1240-11ec-943a-2bbc08a0d40e,KAMTOWER,0.8,1.0,CANDIDATE_UNLIKELY,"name=exact, website ok",BEST_GUESS
287,0013bee4-93e5-11eb-b89f-536884b3e7dd,Kantar,1.0,0.75,CANDIDATE_MATCH,"name=close, country ok, city/region ok, website ok",MATCHED
288,39d1a58b-0586-11ec-ad6d-99fb67e6c4ba,KAON BROADBAND,1.0,1.0,CANDIDATE_MATCH,"name=exact, country ok, city/region ok, website ok",MATCHED
289,da7ed6a5-fb93-11ee-aa89-23a399016fc1,Kerry Freight Pakistan PVT LTD.,1.0,1.0,CANDIDATE_MATCH,"name=exact, country ok, website ok",MATCHED
290,d06cf44c-93e4-11eb-a33a-a3dfba582839,Kerry Logistics,1.0,1.0,CANDIDATE_MATCH,"name=exact, country ok, website ok",MATCHED
291,ea275f75-2672-11ee-aaf2-7fedf3310a03,Kinly AS avd Trondheim,0.69,0.4,CANDIDATE_UNLIKELY,"name=weak, country ok, website ok",BEST_GUESS
292,b0eab351-93e4-11eb-be5a-4f810ab55f2e,Kinnarps,1.0,0.8,CANDIDATE_MATCH,"name=exact, country ok, city/region ok, website ok",MATCHED
293,db8d8f95-f669-11ed-a149-9b392686bc00,Foretak. KLM-Royal Dutch Airlines filial Av utenlandsk,1.0,1.0,CANDIDATE_MATCH,"name=exact, country ok, city/region ok, website ok",MATCHED
294,483419e2-93e5-11eb-8474-3bbe2d07207d,KM TELECOM,0.9690476190476189,0.6984126984126984,CANDIDATE_MATCH,"name=close, country ok, city/region ok, website ok",MATCHED
295,04664e62-f73e-11ed-828d-457da4dc0427,Venture Group A/S.,0.8999999999999999,0.75,CANDIDATE_MATCH,"name=close, country ok, website ok",MATCHED
296,34512921-cd98-11ec-8506-afdec304713d,AUTOR,0.6833333333333333,0.2222222222222222,CANDIDATE_UNLIKELY,"name=weak, country ok, city/region ok, website ok",BEST_GUESS
297,48005fb1-93e5-11eb-8474-3bbe2d07207d,Kølegruppen Øst ApS.,1.0,0.918918918918919,CANDIDATE_MATCH,"name=exact, country ok, city/region ok, website ok",MATCHED
298,01e4df40-250a-11ec-849c-ffcf1f4730e5,Frederikssund Traktor- og Maskinservice,0.77,0.5333333333333333,CANDIDATE_MATCH,"name=weak, country ok, website ok",MATCHED
299,2a5d0b59-1b05-11ec-8de4-3bb83042adac,Korn Ferry,1.0,0.8695652173913043,CANDIDATE_MATCH,"name=exact, country ok, city/region ok, website ok",MATCHED
300,abd0131a-316e-11ef-b658-31fdbd9b69f5,KPMG - Knarvik,0.7596774193548386,0.5161290322580645,CANDIDATE_MATCH,"name=weak, country ok, website ok",MATCHED
301,6ef7c411-93e4-11eb-919a-b3f9a5ad205c,Kroll Interiors,0.8928571428571428,0.5714285714285714,CANDIDATE_MATCH,"name=weak, country ok, city/region ok, website ok",MATCHED
302,656bc70b-504e-11ef-81e3-8ddc2cd2c05e,Miljøretlig Forskningsportal MRF,1.0,0.8823529411764706,CANDIDATE_MATCH,"name=exact, country ok, city/region ok, website ok",MATCHED
303,ccb5e8c5-49ac-11ef-9397-29a989c8ce8f,Loxysoft,0.8,1.0,CANDIDATE_UNLIKELY,"name=exact, website ok",BEST_GUESS
304,b62def1d-09ce-11ed-b7b2-8da18dc3cc6a,LEASE A BOX,0.7833333333333332,0.5555555555555556,CANDIDATE_MATCH,"name=weak, country ok, website ok",MATCHED
305,fb1700e9-1b5d-11ec-9e2d-97948a03f19d,Leaseplan,0.9653846153846153,0.6923076923076923,CANDIDATE_MATCH,"name=close, country ok, city/region ok, website ok",MATCHED
306,9b2222a0-9c13-11ec-a427-3716f54dd1e5,LEOCH Battery,1.0,1.0,CANDIDATE_MATCH,"name=exact, country ok, city/region ok, website ok",MATCHED
307,48f6a691-93e5-11eb-8859-29e7c34dee35,Locateai,0.8,1.0,CANDIDATE_UNLIKELY,"name=exact, website ok",BEST_GUESS
308,bd538962-a9a1-11ec-819d-93d1c51cb0f0,Linkedin Local Singapore,1.0,0.8571428571428571,CANDIDATE_MATCH,"name=exact, country ok, city/region ok, website ok",MATCHED
309,8fc467df-1b06-11ec-a68d-499e0c2c3a34,LM Ericsson Bangladesh Ltd.,1.0,0.9777777777777777,CANDIDATE_MATCH,"name=exact, country ok, website ok",MATCHED
310,5e5c806a-15d2-11ee-91ed-73baf7a27807,Scan. Tek. Optik ApS.,0.7983870967741935,0.5806451612903226,CANDIDATE_MATCH,"name=weak, country ok, website ok",MATCHED
311,3700913b-93e5-11eb-a746-fdabd18be9c6,Loyalty,1.0,1.0,CANDIDATE_MATCH,"name=exact, country ok, city/region ok, website ok",MATCHED
312,b43ac8b9-93e4-11eb-a746-fdabd18be9c6,MAKIO,1.0,1.0,CANDIDATE_MATCH,"name=exact, country ok, city/region ok, website ok",MATCHED
313,194b4815-93e5-11eb-a736-0f5b20ecb2f1,Manpower,0.95,0.6666666666666666,CANDIDATE_MATCH,"name=close, country ok, city/region ok, website ok",MATCHED
314,753387b2-93e4-11eb-aa66-9b8d95e2171b,MANPOWER,1.0,1.0,CANDIDATE_MATCH,"name=exact, country ok, city/region ok, website ok",MATCHED
315,9e655640-93e4-11eb-a736-0f5b20ecb2f1,MapsPeople,1.0,1.0,CANDIDATE_MATCH,"name=exact, country ok, city/region ok, website ok",MATCHED
316,49eaca92-93e5-11eb-a33a-a3dfba582839,Markedssjefene,1.0,1.0,CANDIDATE_MATCH,"name=exact, country ok, city/region ok, website ok",MATCHED
317,002ff970-93e5-11eb-8ad6-7326edce8d21,Colas Danmark,0.8625,0.6875,CANDIDATE_MATCH,"name=close, country ok, website ok",MATCHED
318,9ebf87d2-0b0f-11ec-919d-09f69a4e0983,Gulbrandsen Agencies,0.9329787234042553,0.6382978723404256,CANDIDATE_MATCH,"name=weak, country ok, city/region ok, website ok",MATCHED
319,86550f01-93e4-11eb-97db-273ba5953680,Maven Wireless,1.0,0.8,CANDIDATE_MATCH,"name=exact, country ok, city/region ok, website ok",MATCHED
320,8a8769f3-f8b6-11ed-9214-3d96876bd85b,Mavenir Systems AB.,1.0,1.0,CANDIDATE_MATCH,"name=exact, country ok, website ok",MATCHED
321,778051d9-057a-11ec-b41b-d7058b59cf68,Mavenir Systems Inc.,1.0,1.0,CANDIDATE_MATCH,"name=exact, country ok, website ok",MATCHED
322,778051d9-057a-11ec-b41b-d7058b59cf68,Mavenir Systems Inc.,0.9954545454545454,0.9090909090909091,CANDIDATE_MATCH,"name=exact, country ok, website ok",MATCHED
323,8d59b57e-158e-11ee-8e47-1914f721b470,Measat Broadcast Systems Sdn Bhd.,0.8,0.5833333333333334,CANDIDATE_MATCH,"name=weak, country ok, website ok",MATCHED
324,37de0385-e6d6-11ed-8bb1-3d6aecbca671,Media Times Ltd.,1.0,1.0,CANDIDATE_MATCH,"name=exact, country ok, website ok",MATCHED
325,ca6898fe-0d75-11ec-bc3a-abf705312cc2,Meisel AS,0.81,0.6,CANDIDATE_MATCH,"name=weak, country ok, website ok",MATCHED
326,68a204a1-a872-11ed-a172-c70b75c2da79,META World,0.8264705882352941,0.6274509803921569,CANDIDATE_MATCH,"name=weak, country ok, website ok",MATCHED
327,146bd77c-4d69-11ed-b869-0b9c3de59569,Microsoft Ireland Operations,1.0,1.0,CANDIDATE_MATCH,"name=exact, country ok, city/region ok, website ok",MATCHED
328,4c721116-1afb-11ec-8511-032f81df2a60,Microsoft Norway,1.0,0.8387096774193549,CANDIDATE_MATCH,"name=exact, country ok, city/region ok, website ok",MATCHED
329,bbfc7c57-a379-11ed-8bd9-e537e5b659ad,Microsoft Regional Sales Corporation,1.0,1.0,CANDIDATE_MATCH,"name=exact, country ok, city/region ok, website ok",MATCHED
330,2c53d1f1-6cf9-11ec-a598-5f2181f71be8,ABC Spilleautomater,0.8965116279069767,0.7441860465116279,CANDIDATE_MATCH,"name=close, country ok, website ok",MATCHED
331,008645a7-332c-11ec-ba1b-799c0ee08065,SJ Gruppen,0.9214285714285715,0.7857142857142857,CANDIDATE_MATCH,"name=close, country ok, website ok",MATCHED
332,740de470-cf7a-11ec-8f8e-bde829059b5f,Mixpane,1.0,0.9333333333333333,CANDIDATE_MATCH,"name=exact, country ok, city/region ok, website ok",MATCHED
333,b86d48c0-b500-11ec-92c5-7f4ee7009bc8,mnemonic AS.,1.0,1.0,CANDIDATE_MATCH,"name=exact, country ok, city/region ok, website ok",MATCHED
334,a112cce1-0fd4-11ec-bad9-ebcc1813e8d3,Mobilepeople,1.0,1.0,CANDIDATE_MATCH,"name=exact, country ok, website ok",MATCHED
335,06e7cc3b-aec8-11ed-917a-a9ac0bf7643e,Mobileum,1.0,1.0,CANDIDATE_MATCH,"name=exact, country ok, city/region ok, website ok",MATCHED
336,40e47543-93e5-11eb-8ad6-7326edce8d21,Modulex,0.99,0.7333333333333333,CANDIDATE_MATCH,"name=close, country ok, city/region ok, website ok",MATCHED
337,0c78cf9d-93e5-11eb-86dd-ffbd1b53140e,Monday,1.0,0.75,CANDIDATE_MATCH,"name=close, country ok, city/region ok, website ok",MATCHED
338,b67a2282-e926-11ed-bb20-d929ca7b3418,Mustika Teratai Sdn. Bhd.,1.0,1.0,CANDIDATE_MATCH,"name=exact, country ok, city/region ok, website ok",MATCHED
339,227b170c-12dc-11ec-9dca-f567cb1bbc98,Nagarro AG,0.8,1.0,CANDIDATE_UNLIKELY,"name=exact, website ok",BEST_GUESS
340,3038e1e5-f85b-11ed-b4e8-e74dfe271a42,Nagarro Hiring Team,0.7630434782608695,0.5217391304347826,CANDIDATE_MATCH,"name=weak, country ok, website ok",MATCHED
341,c43c3a03-93e4-11eb-8e19-198fb02d6f96,NEC Corporation of Malaysia,0.6699999999999999,0.2,CANDIDATE_UNLIKELY,"name=weak, country ok, city/region ok, website ok",BEST_GUESS
342,24db63d1-8aa4-11ec-9150-8d453a1e7910,NEC Corporation Of Malaysia Sdn. Bhd.,1.0,1.0,CANDIDATE_MATCH,"name=exact, country ok, city/region ok, website ok",MATCHED
343,016a7543-93e5-11eb-919a-b3f9a5ad205c,Dataphone,0.8840425531914893,0.723404255319149,CANDIDATE_MATCH,"name=close, country ok, website ok",MATCHED
344,0cf1a919-93e5-11eb-86dd-ffbd1b53140e,NemTilmeld,0.9944444444444445,0.7407407407407407,CANDIDATE_MATCH,"name=close, country ok, city/region ok, website ok",MATCHED
345,b1c3fc50-93e4-11eb-a736-0f5b20ecb2f1,Nepa Sweden AB.,0.8700000000000001,0.5333333333333333,CANDIDATE_MATCH,"name=weak, country ok, city/region ok, website ok",MATCHED
346,a19f2484-93e4-11eb-b4a6-27899be4e45d,Neras direkte,1.0,1.0,CANDIDATE_MATCH,"name=exact, country ok, website ok",MATCHED
347,83ad4797-93e4-11eb-97db-273ba5953680,Nestor Cables,1.0,1.0,CANDIDATE_MATCH,"name=exact, country ok, city/region ok, website ok",MATCHED
348,0b7c5fa4-ff7c-11eb-827e-6ff3a5df42cb,Net Zero Asia,1.0,0.8,CANDIDATE_MATCH,"name=exact, country ok, city/region ok, website ok",MATCHED
349,3e619af8-93e5-11eb-8859-29e7c34dee35,Netic,1.0,1.0,CANDIDATE_MATCH,"name=exact, country ok, city/region ok, website ok",MATCHED
350,748dd1da-93e4-11eb-8e19-198fb02d6f96,NemID,0.9299999999999999,0.8,CANDIDATE_MATCH,"name=exact, country ok, website ok",MATCHED
351,1238cd68-9cd4-11ef-b56b-31d2bc338e4f,New Skies Satellites B.V.,1.0,1.0,CANDIDATE_MATCH,"name=exact, country ok, city/region ok, website ok",MATCHED
352,98bdcc4e-0ece-11ec-8f6e-c368f4fbdb63,OK! Pakistan,0.8794117647058823,0.5490196078431373,CANDIDATE_MATCH,"name=weak, country ok, city/region ok, website ok",MATCHED
353,4e2b08a3-a477-11ed-8bb2-9375f2c4b1be,Nexcom A/S.,1.0,1.0,CANDIDATE_MATCH,"name=exact, country ok, city/region ok, website ok",MATCHED
354,0bc250d0-93e5-11eb-b5f6-816dd10ac7b0,Experian,1.0,1.0,CANDIDATE_MATCH,"name=exact, country ok, city/region ok, website ok",MATCHED
355,3d547a04-72bb-11ec-b5ce-b3bda5adefa4,Nokia Foundation,0.9863636363636363,0.7272727272727273,CANDIDATE_MATCH,"name=close, country ok, city/region ok, website ok",MATCHED
356,74601f29-1afc-11ec-aa0f-ab42aaaa4d70,Nokia Solutions And Networks Sdn Bhd.,0.8625,0.6875,CANDIDATE_MATCH,"name=close, country ok, website ok",MATCHED
357,5c494e9a-1b04-11ec-b160-7721fd8862eb,Nokia solutions And Networks Norge AS,1.0,1.0,CANDIDATE_MATCH,"name=exact, country ok, website ok",MATCHED
358,1d0e5cd1-0a98-11ec-bfa5-67a4bc68de73,HEXA-X Consortium,1.0,1.0,CANDIDATE_MATCH,"name=exact, country ok, city/region ok, website ok",MATCHED
359,7404600f-02ea-11ed-9330-439ae68059a7,Nordea,0.95,0.6666666666666666,CANDIDATE_MATCH,"name=close, country ok, city/region ok, website ok",MATCHED
360,affc63f0-0394-11ed-9b1b-6d2c9309a5b2,Nordic Computer,1.0,1.0,CANDIDATE_MATCH,"name=exact, country ok, city/region ok, website ok",MATCHED
361,8449aea3-93e4-11eb-86dd-ffbd1b53140e,Nordix Data,1.0,1.0,CANDIDATE_MATCH,"name=exact, country ok, city/region ok, website ok",MATCHED
362,02ddf6f4-0953-11ed-8906-6bcfb1398b7a,Busk Demo,0.694,0.24,CANDIDATE_UNLIKELY,"name=weak, country ok, city/region ok, website ok",BEST_GUESS
363,d3abb197-0550-11ec-a49b-69a31ce8af0d,Norwegian Air Shuttle,0.9750000000000001,0.875,CANDIDATE_MATCH,"name=exact, country ok, website ok",MATCHED
364,1da9722c-93e5-11eb-86dd-ffbd1b53140e,Novataris,1.0,1.0,CANDIDATE_MATCH,"name=exact, country ok, city/region ok, website ok",MATCHED
365,5212c34c-f8af-11ed-b2ae-8f7420b1f92e,NTT DATA Thailand,1.0,0.8275862068965517,CANDIDATE_MATCH,"name=exact, country ok, city/region ok, website ok",MATCHED
366,04ffa9f7-93e5-11eb-8ad6-7326edce8d21,Amazon,1.0,0.7924528301886793,CANDIDATE_MATCH,"name=close, country ok, city/region ok, website ok",MATCHED
367,44dda433-8ac1-11ec-b892-9b33177d601b,NTT DATA Business Solutions Hungary,0.9370967741935483,0.6451612903225806,CANDIDATE_MATCH,"name=weak, country ok, city/region ok, website ok",MATCHED
368,043f0af0-a7d0-11ed-8169-bfb473e2b988,Itelligencedeblog,0.7124999999999999,0.6875,CANDIDATE_UNLIKELY,"name=close, city/region ok, website ok",BEST_GUESS
369,949c9b55-93e4-11eb-8474-3bbe2d07207d,Malaysia Microelectronic Solutions,0.9785714285714286,0.7142857142857143,CANDIDATE_MATCH,"name=close, country ok, city/region ok, website ok",MATCHED
370,e10b5364-2d21-11ef-9960-d9f4abdfa401,NTT MSC,1.0,1.0,CANDIDATE_MATCH,"name=exact, country ok, website ok",MATCHED
371,a25c4651-1e9d-11ef-8493-1bd9c889e9e7,Och DK A/S.,1.0,0.8235294117647058,CANDIDATE_MATCH,"name=exact, country ok, city/region ok, website ok",MATCHED
372,d9669f7b-93e4-11eb-91fb-73d498260b10,OK a.m.b.a,1.0,1.0,CANDIDATE_MATCH,"name=exact, country ok, website ok",MATCHED
373,a54919b7-93e4-11eb-b4a6-27899be4e45d,OMD World Imaging,0.7227272727272727,0.45454545454545453,CANDIDATE_UNLIKELY,"name=weak, country ok, website ok",BEST_GUESS
374,c7578028-8aa5-11ec-8962-8b4db591a2d2,OMD Norway,0.8269230769230769,0.46153846153846156,CANDIDATE_UNLIKELY,"name=weak, country ok, city/region ok, website ok",BEST_GUESS
375,ac63db81-72e7-11ec-8200-bfd1296681fb,New Media Direction,1.0,0.8571428571428571,CANDIDATE_MATCH,"name=exact, country ok, city/region ok, website ok",MATCHED
376,1e65962d-93e5-11eb-b5f6-816dd10ac7b0,Omega Exim Limited,1.0,1.0,CANDIDATE_MATCH,"name=exact, country ok, city/region ok, website ok",MATCHED
377,56287c74-2509-11ec-bde8-71cf682bd51e,Omnicom Media Group AS,1.0,1.0,CANDIDATE_MATCH,"name=exact, country ok, city/region ok, website ok",MATCHED
378,c1a538ea-8a9a-11ec-a4f2-5511448670fd,Omnicom Media Group Asia Pacific,1.0,1.0,CANDIDATE_MATCH,"name=exact, country ok, website ok",MATCHED
379,50a6dd3e-c175-11ec-8c4a-c37e31e9be9e,ON THE SPOT,1.0,0.8461538461538461,CANDIDATE_MATCH,"name=exact, country ok, city/region ok, website ok",MATCHED
380,16e25e63-93e5-11eb-b5f6-816dd10ac7b0,ONETRUST,0.9970588235294118,0.7450980392156863,CANDIDATE_MATCH,"name=close, country ok, city/region ok, website ok",MATCHED
381,015d07c4-93e5-11eb-9937-4fab995bf8ff,B.M.G CORPORATION CO LTD.,0.9045454545454545,0.5909090909090909,CANDIDATE_MATCH,"name=weak, country ok, city/region ok, website ok",MATCHED
382,0ab6ad30-93e5-11eb-be5a-4f810ab55f2e,SME Corp. Malaysia,0.959090909090909,0.6818181818181818,CANDIDATE_MATCH,"name=close, country ok, city/region ok, website ok",MATCHED
383,e9a40dcd-13d4-11ec-beb1-7f47ddf7321d,Oracle DBA DK,0.9758064516129032,0.7096774193548387,CANDIDATE_MATCH,"name=close, country ok, city/region ok, website ok",MATCHED
384,147df165-1b04-11ec-9b02-8dfd4ec6ef01,Oracle Norge AS,1.0,1.0,CANDIDATE_MATCH,"name=exact, country ok, city/region ok, website ok",MATCHED
385,9618c304-6ce1-11ed-809b-653634c631b4,Oracle Pet,0.8499999999999999,0.6666666666666666,CANDIDATE_MATCH,"name=close, country ok, website ok",MATCHED
386,80ea7e12-93e4-11eb-be3a-7f925cb94351,Worbis,1.0,1.0,CANDIDATE_MATCH,"name=exact, country ok, city/region ok, website ok",MATCHED
387,da01a6ec-93e4-11eb-b4a6-27899be4e45d,Orogenic,1.0,1.0,CANDIDATE_MATCH,"name=exact, country ok, city/region ok, website ok",MATCHED
388,14907f20-93e5-11eb-a736-0f5b20ecb2f1,Orrick Herrington & Sutcliffe,0.8391304347826087,0.8985507246376812,CANDIDATE_UNLIKELY,"name=exact, city/region ok, website ok",BEST_GUESS
389,cd85b2eb-93e4-11eb-b5f6-816dd10ac7b0,P1 Security,1.0,1.0,CANDIDATE_MATCH,"name=exact, country ok, city/region ok, website ok",MATCHED
390,6dd0de70-a7a9-11ed-b250-d1c44dcd1aef,PACO CASA a,1.0,1.0,CANDIDATE_MATCH,"name=exact, country ok, website ok",MATCHED
391,09d8b5fe-ecdb-11ee-96d4-63842c7d9e5f,Pakistan Institute of Nuclear Science & Technology,1.0,0.9203539823008849,CANDIDATE_MATCH,"name=exact, country ok, city/region ok, website ok",MATCHED
392,10dd8776-724b-11ec-9e45-ddda6fbc521a,Parent Zone Local,1.0,1.0,CANDIDATE_MATCH,"name=exact, country ok, city/region ok, website ok",MATCHED
393,b398bc50-93e4-11eb-be3a-7f925cb94351,Pelatro Limited,0.8999999999999999,1.0,CANDIDATE_MATCH,"name=exact, city/region ok, website ok",MATCHED
394,c309a60b-27bf-11ef-815c-4d862d07c012,Varsta Petri,0.8499999999999999,0.6666666666666666,CANDIDATE_MATCH,"name=close, country ok, website ok",MATCHED
395,424a94f5-93e5-11eb-8474-3bbe2d07207d,Ping IT,1.0,1.0,CANDIDATE_MATCH,"name=exact, country ok, website ok",MATCHED
396,fbe50634-036a-11ec-a72b-432edcbee847,Playable,1.0,1.0,CANDIDATE_MATCH,"name=exact, country ok, city/region ok, website ok",MATCHED
397,7fa72db5-0f6c-11ec-9bfa-136d28477cfe,Konkurrenceretsforeningen,0.9015151515151516,0.5858585858585859,CANDIDATE_MATCH,"name=weak, country ok, city/region ok, website ok",MATCHED
398,602ace8c-0c5e-11ec-b66a-97ea7481e556,PLP Invest Ejendomme,1.0,1.0,CANDIDATE_MATCH,"name=exact, country ok, website ok",MATCHED
399,16f3bda9-055e-11ec-912d-93da5cd6dce1,Pluralsight,1.0,1.0,CANDIDATE_MATCH,"name=exact, country ok, city/region ok, website ok",MATCHED
400,b529e3a6-93e4-11eb-8859-29e7c34dee35,Pm energi,1.0,1.0,CANDIDATE_MATCH,"name=exact, country ok, city/region ok, website ok",MATCHED
401,04bfc680-cdf3-11ef-9f76-0d42b77f481f,Postnord Briefkasten,0.8928571428571428,0.5714285714285714,CANDIDATE_MATCH,"name=weak, country ok, city/region ok, website ok",MATCHED
402,42c3ecf7-1d65-11ee-9df5-e543427f87fa,Posten Bring,1.0,1.0,CANDIDATE_MATCH,"name=exact, country ok, city/region ok, website ok",MATCHED
403,93cb1a81-93e4-11eb-a746-fdabd18be9c6,Scanning,0.9465517241379311,0.8275862068965517,CANDIDATE_MATCH,"name=exact, country ok, website ok",MATCHED
404,d330a82b-93e4-11eb-86dd-ffbd1b53140e,PostNord Stralfors,1.0,1.0,CANDIDATE_MATCH,"name=exact, country ok, website ok",MATCHED
405,c2d2c772-e602-11ed-aaf1-a9bb6aa25f65,Pricewaterhousecoopers Statsautoriseret Revisionspartnerselskab,1.0,1.0,CANDIDATE_MATCH,"name=exact, country ok, website ok",MATCHED
406,d4239772-8546-11ec-8f98-f9b40efdfe08,PricewaterhouseCoopers Norway,1.0,0.8627450980392157,CANDIDATE_MATCH,"name=exact, country ok, city/region ok, website ok",MATCHED
407,d6682c74-93e4-11eb-919a-b3f9a5ad205c,ProPakistani,0.973529411764706,0.7058823529411765,CANDIDATE_MATCH,"name=close, country ok, city/region ok, website ok",MATCHED
408,7d6e00e2-0c9e-11ec-8076-17611444f1f8,Total Coating,0.7287234042553192,0.2978723404255319,CANDIDATE_UNLIKELY,"name=weak, country ok, city/region ok, website ok",BEST_GUESS
409,66b5cd49-8a9a-11ec-8f9a-d304b9a96e8a,Publicis Graphics,0.95,0.6666666666666666,CANDIDATE_MATCH,"name=close, country ok, city/region ok, website ok",MATCHED
410,d9f2b2c1-93e4-11eb-a746-fdabd18be9c6,QCC Global,1.0,1.0,CANDIDATE_MATCH,"name=exact, country ok, city/region ok, website ok",MATCHED
411,5a4d70a9-183a-11f0-8286-8d0ea701f907,Interscan Transportation,0.9409090909090909,0.8181818181818182,CANDIDATE_MATCH,"name=exact, country ok, website ok",MATCHED
412,463be1c1-2500-11ec-abad-a332bf576a25,Qliktech,0.8928571428571428,0.5714285714285714,CANDIDATE_MATCH,"name=weak, country ok, city/region ok, website ok",MATCHED
413,6e78222b-9df5-11ef-a80f-179817213e61,QLIKTECH INTERNATIONAL MARKETS AB.,1.0,1.0,CANDIDATE_MATCH,"name=exact, country ok, website ok",MATCHED
414,55862ac9-9d66-11ef-aecb-ed811e9ee609,QLIKTECH INTERNATIONAL AB.,0.8067567567567568,0.5945945945945946,CANDIDATE_MATCH,"name=weak, country ok, website ok",MATCHED
415,2f88cb22-93e5-11eb-aa66-9b8d95e2171b,Qualtrics,1.0,1.0,CANDIDATE_MATCH,"name=exact, country ok, website ok",MATCHED
416,e6d9287a-93e4-11eb-be3a-7f925cb94351,Questback,1.0,1.0,CANDIDATE_MATCH,"name=exact, country ok, city/region ok, website ok",MATCHED
417,8da48c93-93e4-11eb-8474-3bbe2d07207d,Radio Frequency Systems GmbH,0.8792035398230089,0.5486725663716814,CANDIDATE_MATCH,"name=weak, country ok, city/region ok, website ok",MATCHED
418,d107ada1-93e4-11eb-8859-29e7c34dee35,Rajah & Tann,1.0,1.0,CANDIDATE_MATCH,"name=exact, country ok, city/region ok, website ok",MATCHED
419,1a62837c-2d2f-11ed-bca0-45d3b4f58bc5,Rapid 7 EMEA Internal Moose,0.8074468085106383,0.5957446808510638,CANDIDATE_MATCH,"name=weak, country ok, website ok",MATCHED
420,9973fa6b-8aae-11ec-be09-3b46a3ec669e,Red Hat Asia Pacific,1.0,1.0,CANDIDATE_MATCH,"name=exact, country ok, city/region ok, website ok",MATCHED
421,08988829-93e5-11eb-91fb-73d498260b10,Red Flare,0.825,0.625,CANDIDATE_MATCH,"name=weak, country ok, website ok",MATCHED
422,8d744e31-ca8a-11ec-bce4-ef3debe8cbb7,Red Harvest Malaysia,0.9833333333333334,0.8888888888888888,CANDIDATE_MATCH,"name=exact, country ok, website ok",MATCHED
423,13d6cc27-93e5-11eb-8474-3bbe2d07207d,Relocation,1.0,1.0,CANDIDATE_MATCH,"name=exact, country ok, city/region ok, website ok",MATCHED
424,6e204fd4-93e4-11eb-be5a-4f810ab55f2e,DdD Retail,0.8899999999999999,0.7333333333333333,CANDIDATE_MATCH,"name=close, country ok, website ok",MATCHED
425,168fa5a3-20d1-11ee-955b-359ace42ebb8,RevealCX Inc.,1.0,1.0,CANDIDATE_MATCH,"name=exact, country ok, website ok",MATCHED
426,c8b67a70-c825-11ec-89f7-7594ea00aeb1,Rezponz,1.0,1.0,CANDIDATE_MATCH,"name=exact, country ok, city/region ok, website ok",MATCHED
427,11a58013-c50b-11ef-9531-7716dbb12d27,Rhenus Warehousing Solutions,1.0,0.8235294117647058,CANDIDATE_MATCH,"name=exact, country ok, city/region ok, website ok",MATCHED
428,83718e53-1b00-11ec-a945-71766a416f0a,Rittal A/S.,1.0,1.0,CANDIDATE_MATCH,"name=exact, country ok, city/region ok, website ok",MATCHED
429,b9b2d1d2-9a09-11ec-9faf-49592d66acb7,RTTD,0.8,1.0,CANDIDATE_UNLIKELY,"name=exact, website ok",BEST_GUESS
430,7f97d223-2c88-11ef-93fc-330634d134dc,Hillerup Gredstedbro,0.7848837209302326,0.5581395348837209,CANDIDATE_MATCH,"name=weak, country ok, website ok",MATCHED
431,e3e3b642-93e4-11eb-9937-4fab995bf8ff,Sagemcom,0.9192307692307693,0.6153846153846154,CANDIDATE_MATCH,"name=weak, country ok, city/region ok, website ok",MATCHED
432,391eb2e4-181d-11f0-8284-6dfd2009e8a0,SAILPOINT TECHNOLOGIES,1.0,1.0,CANDIDATE_MATCH,"name=exact, country ok, website ok",MATCHED
433,31fb638d-1105-11ec-a8d6-03ab78afae8c,The Salesforce PM,0.8899999999999999,0.7333333333333333,CANDIDATE_MATCH,"name=close, country ok, website ok",MATCHED
434,01bc3341-6a03-11ec-ab63-87914d0623be,LIVING OAKS,0.7214285714285713,0.2857142857142857,CANDIDATE_UNLIKELY,"name=weak, country ok, city/region ok, website ok",BEST_GUESS
435,893b17fe-93e4-11eb-8859-29e7c34dee35,Salling Group,0.8304878048780489,0.6341463414634146,CANDIDATE_MATCH,"name=weak, country ok, website ok",MATCHED
436,b1e580a1-583d-11ec-91ee-edc6c109839b,Saluran Cekap M Sdn Bhd.,1.0,1.0,CANDIDATE_MATCH,"name=exact, country ok, website ok",MATCHED
437,2d6323ad-1afe-11ec-be37-19557aad561c,Samsung Electronics Nordic AB.,1.0,0.8253968253968254,CANDIDATE_MATCH,"name=exact, country ok, city/region ok, website ok",MATCHED
438,425606ac-93e5-11eb-919a-b3f9a5ad205c,Sanvaru Technology,1.0,1.0,CANDIDATE_MATCH,"name=exact, country ok, city/region ok, website ok",MATCHED
439,011e5112-93e5-11eb-b997-8dd98d09cf25,Mercedes-Benz,0.94,0.65,CANDIDATE_MATCH,"name=close, country ok, city/region ok, website ok",MATCHED
440,06bef23d-ae8e-11ef-9eca-7fabbf10324c,SAS Institute,0.8,1.0,CANDIDATE_UNLIKELY,"name=exact, website ok",BEST_GUESS
441,1930e241-93e5-11eb-b5f6-816dd10ac7b0,Saville Consulting Danmark,1.0,0.9285714285714286,CANDIDATE_MATCH,"name=exact, country ok, city/region ok, website ok",MATCHED
442,0252d979-93e5-11eb-8859-29e7c34dee35,Schneider Electric Denmark A/S.,1.0,0.9666666666666667,CANDIDATE_MATCH,"name=exact, country ok, website ok",MATCHED
443,ac84e842-93e4-11eb-919a-b3f9a5ad205c,Scrive,1.0,1.0,CANDIDATE_MATCH,"name=exact, country ok, website ok",MATCHED
444,77842e7a-93e4-11eb-8474-3bbe2d07207d,ServiceNow BV.,0.9029411764705884,0.5882352941176471,CANDIDATE_MATCH,"name=weak, country ok, city/region ok, website ok",MATCHED
445,0dffbdb7-93e5-11eb-90d2-e3355a7e800b,Slack,0.5117647058823529,0.35294117647058826,CANDIDATE_UNLIKELY,"name=weak, city/region ok, website ok",UNMATCHED
446,f9694b0b-2abd-11ef-a5ed-2fefabb10411,Shandong Faithwit Power Sources Co. Ltd.,0.8625,0.6875,CANDIDATE_MATCH,"name=close, country ok, website ok",MATCHED
447,427adc04-e7a9-11ec-b6b7-8f4fbf416354,Vision_Smart_Batteries_Backup_Power,1.0,1.0,CANDIDATE_MATCH,"name=exact, country ok, city/region ok, website ok",MATCHED
448,004ef7e0-aec3-11ef-86b6-3b0e501976c1,Shenzhen Aomiou Technology Co. Ltd.,0.8357142857142856,0.47619047619047616,CANDIDATE_UNLIKELY,"name=weak, country ok, city/region ok, website ok",BEST_GUESS
449,f78384d3-0673-11ec-99bb-f15d4681cfe6,SDMC Technology,1.0,0.7692307692307693,CANDIDATE_MATCH,"name=close, country ok, city/region ok, website ok",MATCHED
450,02f80969-e7b5-11ed-ad08-af303e1f5d45,Shenzhen Xinxiapu Digital Technology Devlopment Limited Company,0.9403614457831326,0.6506024096385542,CANDIDATE_MATCH,"name=close, country ok, city/region ok, website ok",MATCHED
451,808934a3-e3fd-11ed-a041-59b4f000017b,Shields Dance Group,0.8413043478260869,0.6521739130434783,CANDIDATE_MATCH,"name=close, country ok, website ok",MATCHED
452,2f5615e0-0d48-11ec-baff-b3f7938105ab,Shuangdeng Group,1.0,1.0,CANDIDATE_MATCH,"name=exact, country ok, city/region ok, website ok",MATCHED
453,1d3ad1c3-93e5-11eb-a746-fdabd18be9c6,SIAE MICROELETTRONICA,0.8999999999999999,1.0,CANDIDATE_MATCH,"name=exact, city/region ok, website ok",MATCHED
454,0cfb3625-69e5-11ec-ae96-391f7caf2fec,R.S.U. Siae Microelettronica,0.9833333333333334,0.8888888888888888,CANDIDATE_MATCH,"name=exact, country ok, website ok",MATCHED
455,01eb2598-0dcc-11ec-82c6-9b645737676a,Sievo,0.8,1.0,CANDIDATE_UNLIKELY,"name=exact, website ok",BEST_GUESS
456,e08289d1-93e4-11eb-b89f-536884b3e7dd,Signicat,0.8999999999999999,1.0,CANDIDATE_MATCH,"name=exact, city/region ok, website ok",MATCHED
457,ab1c21c0-f8b5-11ed-a8b3-7b4d48a6e9d9,Sillehoved,1.0,0.8333333333333334,CANDIDATE_MATCH,"name=exact, country ok, city/region ok, website ok",MATCHED
458,0cb473fa-f6e1-11ec-a34e-db0bb32b96ad,Robo Global Investment,1.0,0.7659574468085106,CANDIDATE_MATCH,"name=close, country ok, city/region ok, website ok",MATCHED
459,b4f0991a-2de9-11ed-9aba-99765e777111,SIPM,0.8,1.0,CANDIDATE_UNLIKELY,"name=exact, website ok",BEST_GUESS
460,008d406a-0e12-11ec-b4c9-d16f1d69042b,Softvision,0.7710526315789474,0.3684210526315789,CANDIDATE_UNLIKELY,"name=weak, country ok, city/region ok, website ok",BEST_GUESS
461,8a5c3f6b-93e4-11eb-be3a-7f925cb94351,Skycall AS,1.0,1.0,CANDIDATE_MATCH,"name=exact, country ok, city/region ok, website ok",MATCHED
462,c0d2889e-ce72-11ed-a907-57a65e0d2603,Smart Modular,1.0,0.8333333333333334,CANDIDATE_MATCH,"name=exact, country ok, city/region ok, website ok",MATCHED
463,0a1dd0f8-0c3c-11ec-9c32-23568e38acee,Boolean Technologies BD,1.0,0.7727272727272727,CANDIDATE_MATCH,"name=close, country ok, city/region ok, website ok",MATCHED
464,08faf375-93e5-11eb-86dd-ffbd1b53140e,VIHREÄ KEIJU,0.8370967741935484,0.6451612903225806,CANDIDATE_MATCH,"name=weak, country ok, website ok",MATCHED
465,d7fdc096-93e4-11eb-86dd-ffbd1b53140e,SNOW SOFTWARE,1.0,1.0,CANDIDATE_MATCH,"name=exact, country ok, website ok",MATCHED
466,5516dd90-aaf0-11ef-baa5-b1d00e182d98,Snow Software ApS.,1.0,1.0,CANDIDATE_MATCH,"name=exact, country ok, website ok",MATCHED
467,b4e8976a-1184-11ec-8bef-4988316d3539,Snow Stock,0.7928571428571427,0.5714285714285714,CANDIDATE_MATCH,"name=weak, country ok, website ok",MATCHED
468,1c568f21-ef82-11ee-99aa-8b980cad1cb9,SoftwareOne,0.8,1.0,CANDIDATE_UNLIKELY,"name=exact, website ok",BEST_GUESS
469,ca236fc9-1b01-11ec-893d-41807d3de292,SoftwareONE Norge AS,1.0,0.8571428571428571,CANDIDATE_MATCH,"name=exact, country ok, city/region ok, website ok",MATCHED
470,1c568f21-ef82-11ee-99aa-8b980cad1cb9,SoftwareOne,0.8,1.0,CANDIDATE_UNLIKELY,"name=exact, website ok",BEST_GUESS
471,15b2b80f-93e5-11eb-91fb-73d498260b10,Sony Network Communications Europe,0.99,0.7333333333333333,CANDIDATE_MATCH,"name=close, country ok, city/region ok, website ok",MATCHED
472,2c51a7ea-d88d-11ec-8458-930fb706770a,South Pole,0.9944444444444445,0.7407407407407407,CANDIDATE_MATCH,"name=close, country ok, city/region ok, website ok",MATCHED
473,450b89b9-93e5-11eb-8ad6-7326edce8d21,Southern Cable,0.8999999999999999,1.0,CANDIDATE_MATCH,"name=exact, city/region ok, website ok",MATCHED
474,dc3d014e-25aa-11ef-84bb-3b7d91468c81,Splunk,1.0,1.0,CANDIDATE_MATCH,"name=exact, country ok, website ok",MATCHED
475,f7e5eff0-58e5-11ed-9cc3-5bfe46360075,Sports Star International Pvt Ltd.,0.9672413793103447,0.8620689655172413,CANDIDATE_MATCH,"name=exact, country ok, website ok",MATCHED
476,b1d944b6-c3f6-11ec-873d-a99e5f4b7980,Square Trade,0.74,0.7333333333333333,CANDIDATE_UNLIKELY,"name=close, city/region ok, website ok",BEST_GUESS
477,2c43d957-93e5-11eb-8474-3bbe2d07207d,SquareTrade,1.0,1.0,CANDIDATE_MATCH,"name=exact, country ok, city/region ok, website ok",MATCHED
478,715a75a2-08e9-11ee-ae0e-4f53274d777f,Starcominfo,0.8499999999999999,0.6666666666666666,CANDIDATE_MATCH,"name=close, country ok, website ok",MATCHED
479,8b94232d-93e4-11eb-be5a-4f810ab55f2e,StarSeed,1.0,0.9545454545454546,CANDIDATE_MATCH,"name=exact, country ok, website ok",MATCHED
480,38fea658-f90b-11ee-a0bc-b93cf9a41d3a,Stena Recycling AB - Lidköping,0.9441176470588235,0.8235294117647058,CANDIDATE_MATCH,"name=exact, country ok, website ok",MATCHED
481,778a3f93-f35c-11ee-a2cf-e34c0e809adb,Storm Communications,1.0,1.0,CANDIDATE_MATCH,"name=exact, country ok, city/region ok, website ok",MATCHED
482,1de6f043-93e5-11eb-b5f6-816dd10ac7b0,Sadko,0.5896551724137931,0.4827586206896552,CANDIDATE_UNLIKELY,"name=weak, city/region ok, website ok",BEST_GUESS
483,c98e8805-93e4-11eb-8e19-198fb02d6f96,Subex,0.7615384615384615,0.7692307692307693,CANDIDATE_UNLIKELY,"name=close, city/region ok, website ok",BEST_GUESS
484,43f5c0a1-a7e2-11ed-9443-77059af26349,Sutera Utama Sdn. Bhd.,1.0,1.0,CANDIDATE_MATCH,"name=exact, country ok, website ok",MATCHED
485,324b1f73-93e5-11eb-8859-29e7c34dee35,Swichtec Power Systems,1.0,1.0,CANDIDATE_MATCH,"name=exact, country ok, city/region ok, website ok",MATCHED
486,b959842b-ca9f-11ef-bc93-a995b773383c,CariTakaful.Keluarga,1.0,0.7575757575757576,CANDIDATE_MATCH,"name=close, country ok, city/region ok, website ok",MATCHED
487,84e29359-93e4-11eb-a33a-a3dfba582839,Syniverse,0.8772727272727272,0.5454545454545454,CANDIDATE_MATCH,"name=weak, country ok, city/region ok, website ok",MATCHED
488,c5d06e91-93e4-11eb-a736-0f5b20ecb2f1,Techvista Systems,1.0,1.0,CANDIDATE_MATCH,"name=exact, country ok, website ok",MATCHED
489,deb26554-12fa-11ec-bc86-59f7750beb34,System Teknik,0.8391891891891892,0.6486486486486487,CANDIDATE_MATCH,"name=weak, country ok, website ok",MATCHED
490,389f973e-01ee-11ec-8b61-35bce24791d3,POL,0.9099999999999999,0.6,CANDIDATE_MATCH,"name=weak, country ok, city/region ok, website ok",MATCHED
491,00cfe2f8-93e5-11eb-b997-8dd98d09cf25,Reed Tan Digital,0.8875,0.5625,CANDIDATE_MATCH,"name=weak, country ok, city/region ok, website ok",MATCHED
492,4ccb39c7-c026-11ec-9880-5b9f9a6d0d58,Talend sa.,0.8289473684210527,0.631578947368421,CANDIDATE_MATCH,"name=weak, country ok, website ok",MATCHED
493,14426861-22ee-11ec-9e3b-1143ee662a91,Talentech Denmark,0.99,0.7333333333333333,CANDIDATE_MATCH,"name=close, country ok, city/region ok, website ok",MATCHED
494,ef6e1e50-93e4-11eb-8ad6-7326edce8d21,Tampnet AS,1.0,1.0,CANDIDATE_MATCH,"name=exact, country ok, city/region ok, website ok",MATCHED
495,2b145a02-93e5-11eb-8859-29e7c34dee35,TATA COMMUNICATIONS DIGO,1.0,0.7719298245614035,CANDIDATE_MATCH,"name=close, country ok, city/region ok, website ok",MATCHED
496,2b145a02-93e5-11eb-8859-29e7c34dee35,TATA COMMUNICATIONS DIGO,1.0,0.7719298245614035,CANDIDATE_MATCH,"name=close, country ok, city/region ok, website ok",MATCHED
497,f875b097-bf89-11ec-a505-d94087b31ae6,TATA SKO,0.6318181818181818,0.13636363636363635,CANDIDATE_UNLIKELY,"name=weak, country ok, city/region ok, website ok",BEST_GUESS
498,015a6fb7-93e5-11eb-91fb-73d498260b10,Maryem Nasri Consultancy,0.8657894736842104,0.5263157894736842,CANDIDATE_MATCH,"name=weak, country ok, city/region ok, website ok",MATCHED
499,9aa73fcc-2bbb-11ef-90fc-49e996ebd993,Mobile Tech International HK Co Ltd.,0.9807692307692308,0.8846153846153846,CANDIDATE_MATCH,"name=exact, country ok, website ok",MATCHED
500,3423d710-93e5-11eb-8e19-198fb02d6f96,Auto IT A/S.,0.7375,0.3125,CANDIDATE_UNLIKELY,"name=weak, country ok, city/region ok, website ok",BEST_GUESS
501,e99d2a75-93e4-11eb-9937-4fab995bf8ff,TEALIUM,1.0,1.0,CANDIDATE_MATCH,"name=exact, country ok, city/region ok, website ok",MATCHED
502,2d63c842-93e5-11eb-b997-8dd98d09cf25,TEAM International,1.0,1.0,CANDIDATE_MATCH,"name=exact, country ok, city/region ok, website ok",MATCHED
503,3a4aebf1-a7f8-11ed-9820-c3fbe67bcd68,Pure Tech Thailand Company Limited,1.0,0.8214285714285714,CANDIDATE_MATCH,"name=exact, country ok, city/region ok, website ok",MATCHED
504,f299bc06-0aee-11ef-b572-d11295d15c52,Tech Mahindra,0.875,0.5416666666666666,CANDIDATE_MATCH,"name=weak, country ok, city/region ok, website ok",MATCHED
505,bd9ea750-93e4-11eb-be5a-4f810ab55f2e,Tecnotree,1.0,1.0,CANDIDATE_MATCH,"name=exact, country ok, city/region ok, website ok",MATCHED
506,04a78940-19a9-11ee-aec0-a1af3c434505,Telecom Equipment Pte Ltd.,1.0,1.0,CANDIDATE_MATCH,"name=exact, country ok, city/region ok, website ok",MATCHED
507,19c2e92e-93e5-11eb-9937-4fab995bf8ff,Telekom Malaysia,1.0,0.8205128205128205,CANDIDATE_MATCH,"name=exact, country ok, city/region ok, website ok",MATCHED
508,bb9fa300-93e4-11eb-a33a-a3dfba582839,Telenor,0.8590909090909091,0.5151515151515151,CANDIDATE_MATCH,"name=weak, country ok, city/region ok, website ok",MATCHED
509,18792b00-93e5-11eb-8859-29e7c34dee35,Telenor,1.0,0.7777777777777778,CANDIDATE_MATCH,"name=close, country ok, city/region ok, website ok",MATCHED
510,342de933-93e5-11eb-9937-4fab995bf8ff,Telenor Satellite,0.8928571428571428,0.5714285714285714,CANDIDATE_MATCH,"name=weak, country ok, city/region ok, website ok",MATCHED
511,f0d7e780-93e4-11eb-8e19-198fb02d6f96,Telenor Connexion,1.0,1.0,CANDIDATE_MATCH,"name=exact, country ok, website ok",MATCHED
512,9ca9c0c6-aa7c-11ec-a638-89115c56d9b3,Yettel,1.0,0.7647058823529411,CANDIDATE_MATCH,"name=close, country ok, city/region ok, website ok",MATCHED
513,bb9fa300-93e4-11eb-a33a-a3dfba582839,Telenor,0.9017241379310346,0.5862068965517241,CANDIDATE_MATCH,"name=weak, country ok, city/region ok, website ok",MATCHED
514,244907b2-1698-11ee-9aad-f7c11d5080a1,Telenor Objects AS,0.9099999999999999,0.6,CANDIDATE_MATCH,"name=weak, country ok, city/region ok, website ok",MATCHED
515,0e5f5346-ef74-11ee-a589-df5b398caaa4,Telenor Towers,0.8676470588235294,0.5294117647058824,CANDIDATE_MATCH,"name=weak, country ok, city/region ok, website ok",MATCHED
516,05d82fa0-93e5-11eb-8474-3bbe2d07207d,Environmental Services Pakistan,0.9099999999999999,0.6,CANDIDATE_MATCH,"name=weak, country ok, city/region ok, website ok",MATCHED
517,f8dd5135-0c43-11ee-b94f-ebf23e82ffaf,Telenor Asia,0.9863636363636363,0.7272727272727273,CANDIDATE_MATCH,"name=close, country ok, city/region ok, website ok",MATCHED
518,00d19d70-5e13-11ef-904a-b5358eb47b36,Telenor Franchise Brainz Communication,0.8625,0.6875,CANDIDATE_MATCH,"name=close, country ok, website ok",MATCHED
519,4df951dc-2cfa-11ef-96db-335e17d831d9,Telenor Cloud services AS,1.0,0.8444444444444444,CANDIDATE_MATCH,"name=exact, country ok, city/region ok, website ok",MATCHED
520,41a62211-019e-11ec-bb98-9fc5b7a8d1a3,GegeStore,1.0,1.0,CANDIDATE_MATCH,"name=exact, country ok, website ok",MATCHED
521,f78e0b4a-93e4-11eb-9937-4fab995bf8ff,Telenor Norges,1.0,0.9629629629629629,CANDIDATE_MATCH,"name=exact, country ok, city/region ok, website ok",MATCHED
522,b69c114f-93e4-11eb-b4a6-27899be4e45d,Telenor Pakistan,1.0,1.0,CANDIDATE_MATCH,"name=exact, country ok, city/region ok, website ok",MATCHED
523,f8dd5135-0c43-11ee-b94f-ebf23e82ffaf,Telenor Asia,0.8269230769230769,0.46153846153846156,CANDIDATE_UNLIKELY,"name=weak, country ok, city/region ok, website ok",BEST_GUESS
524,1ac82415-93e5-11eb-be3a-7f925cb94351,Telenor Expo,0.8983870967741936,0.5806451612903226,CANDIDATE_MATCH,"name=weak, country ok, city/region ok, website ok",MATCHED
525,4df951dc-2cfa-11ef-96db-335e17d831d9,Telenor Cloud services AS,0.9766666666666668,0.7111111111111111,CANDIDATE_MATCH,"name=close, country ok, city/region ok, website ok",MATCHED
526,dbe2248f-aba6-11ef-b6d6-0b609ebb973a,Telenor Software Lab AS TSL,1.0,0.851063829787234,CANDIDATE_MATCH,"name=exact, country ok, city/region ok, website ok",MATCHED
527,a8f4cc61-0ab0-11ec-b811-6124f8ab6766,GO-S VALBARD,0.9067567567567567,0.5945945945945946,CANDIDATE_MATCH,"name=weak, country ok, city/region ok, website ok",MATCHED
528,a84b4151-0da2-11ec-9b20-fda7bd57cf2c,Teleteamet A/S.,1.0,1.0,CANDIDATE_MATCH,"name=exact, country ok, website ok",MATCHED
529,bdf9ef01-b77a-11ed-be56-5737ab22b0ef,TELITI TEKNIK,1.0,1.0,CANDIDATE_MATCH,"name=exact, country ok, city/region ok, website ok",MATCHED
530,82f1b671-106e-11ee-96a3-3bc9ea359402,Textilia,1.0,1.0,CANDIDATE_MATCH,"name=exact, country ok, website ok",MATCHED
531,1f953610-1124-11ec-9999-f78a0b25dddc,Vatcharakon Kalapakdee,0.9771186440677966,0.711864406779661,CANDIDATE_MATCH,"name=close, country ok, city/region ok, website ok",MATCHED
532,01c5112c-003d-11ec-898f-a3255f04c287,SETEC,0.5157894736842106,0.5263157894736842,CANDIDATE_UNLIKELY,"name=weak, website ok",UNMATCHED
533,88ebf1ce-3a02-11ee-94b5-fd90c5a93d00,Gemalto Norge AS,1.0,1.0,CANDIDATE_MATCH,"name=exact, country ok, city/region ok, website ok",MATCHED
534,34199bd1-1b06-11ec-8a43-a1f4156da652,Thales Sverige AB.,0.8983870967741936,0.5806451612903226,CANDIDATE_MATCH,"name=weak, country ok, city/region ok, website ok",MATCHED
535,6f4c5255-03a6-11ec-9097-bf5acc5341db,TietoEVRY,0.8819999999999999,0.72,CANDIDATE_MATCH,"name=close, country ok, website ok",MATCHED
536,8dfb5f3d-93e4-11eb-a33a-a3dfba582839,Negotia,0.8676470588235294,0.5294117647058824,CANDIDATE_MATCH,"name=weak, country ok, city/region ok, website ok",MATCHED
537,e8cae664-93e4-11eb-b89f-536884b3e7dd,TINEX Group,1.0,1.0,CANDIDATE_MATCH,"name=exact, country ok, city/region ok, website ok",MATCHED
538,2fc4267e-93e5-11eb-b4a6-27899be4e45d,TM One,1.0,1.0,CANDIDATE_MATCH,"name=exact, country ok, city/region ok, website ok",MATCHED
539,2b94d4a1-93e5-11eb-b89f-536884b3e7dd,Tongyu Communication,1.0,1.0,CANDIDATE_MATCH,"name=exact, country ok, website ok",MATCHED
540,9b456c4c-6524-11ee-a195-0fabad2ce190,LINK KYC,1.0,0.9230769230769231,CANDIDATE_MATCH,"name=exact, country ok, website ok",MATCHED
541,02928921-0a97-11ec-878e-f5056c5a0a5a,Andresen Marketing,0.75,0.3333333333333333,CANDIDATE_UNLIKELY,"name=weak, country ok, city/region ok, website ok",BEST_GUESS
542,017806f1-2aa1-11ef-9160-93062718f344,Tradium Mariagervej Randers Kom,0.8772727272727272,0.5454545454545454,CANDIDATE_MATCH,"name=weak, country ok, city/region ok, website ok",MATCHED
543,7422ed1e-5e29-11ef-90a8-8b966e020cd1,TRANSMODE SYSTEMS AB.,1.0,1.0,CANDIDATE_MATCH,"name=exact, country ok, city/region ok, website ok",MATCHED
544,7f4688c8-ad32-11ef-8c9e-31c2725f601c,Touch of Trend Singapore,1.0,0.7555555555555555,CANDIDATE_MATCH,"name=close, country ok, city/region ok, website ok",MATCHED
545,0bbb730a-93e5-11eb-be3a-7f925cb94351,Trifork Academy,1.0,1.0,CANDIDATE_MATCH,"name=exact, country ok, city/region ok, website ok",MATCHED
546,4c667ccb-13c6-11ec-9836-ef7b0600cc53,True Move H Universal Communication Company Limited,0.9884615384615385,0.8974358974358975,CANDIDATE_MATCH,"name=exact, country ok, website ok",MATCHED
547,8b944a32-93e4-11eb-86dd-ffbd1b53140e,TRUSTZONE,1.0,1.0,CANDIDATE_MATCH,"name=exact, country ok, city/region ok, website ok",MATCHED
548,2c4c8ce3-12ce-11ec-b275-635f962c0ee7,INIAGA,0.8318181818181818,0.6363636363636364,CANDIDATE_MATCH,"name=weak, country ok, website ok",MATCHED
549,f1ca36c3-93e4-11eb-9937-4fab995bf8ff,TT Network,1.0,0.7878787878787878,CANDIDATE_MATCH,"name=close, country ok, city/region ok, website ok",MATCHED
550,c5b76852-93e4-11eb-be3a-7f925cb94351,Tutela,0.9136363636363636,0.6060606060606061,CANDIDATE_MATCH,"name=weak, country ok, city/region ok, website ok",MATCHED
551,a4e5eb10-93e4-11eb-be3a-7f925cb94351,TXO Systems,1.0,1.0,CANDIDATE_MATCH,"name=exact, country ok, city/region ok, website ok",MATCHED
552,e1e91eba-93e4-11eb-86dd-ffbd1b53140e,UiPath,0.8999999999999999,1.0,CANDIDATE_MATCH,"name=exact, city/region ok, website ok",MATCHED
553,002a4e16-508e-11ef-9563-0f2690a21857,Virtual University of Pakistan VU,0.7990909090909091,0.5818181818181818,CANDIDATE_MATCH,"name=weak, country ok, website ok",MATCHED
554,2950b10d-93e5-11eb-919a-b3f9a5ad205c,UIH,1.0,1.0,CANDIDATE_MATCH,"name=exact, country ok, website ok",MATCHED
555,d21a0337-03a5-11ec-a873-d574c694d6a6,Roested,0.7970588235294118,0.4117647058823529,CANDIDATE_UNLIKELY,"name=weak, country ok, city/region ok, website ok",BEST_GUESS
556,e5d58700-d139-11ec-90aa-d5cfd1428197,Utel AS,1.0,1.0,CANDIDATE_MATCH,"name=exact, country ok, city/region ok, website ok",MATCHED
557,0330dd63-93e5-11eb-a746-fdabd18be9c6,Vantiva,0.8611111111111112,0.5185185185185185,CANDIDATE_MATCH,"name=weak, country ok, city/region ok, website ok",MATCHED
558,2c4e0c60-b8a1-11eb-8bd4-f9c9a1d88595,VERTIV,0.5428571428571428,0.5714285714285714,CANDIDATE_UNLIKELY,"name=weak, website ok",UNMATCHED
559,ccf9e8fb-6dae-11ec-a0a5-5d41d5e823b0,Vertiv,0.5428571428571428,0.5714285714285714,CANDIDATE_UNLIKELY,"name=weak, website ok",UNMATCHED
560,3dab2b4c-b0d3-11ef-95f9-0de7499436cf,Vertiv Energy Private Limited,1.0,1.0,CANDIDATE_MATCH,"name=exact, country ok, website ok",MATCHED
561,f7c59602-93e4-11eb-b5f6-816dd10ac7b0,2nd phase design,0.7642857142857142,0.35714285714285715,CANDIDATE_UNLIKELY,"name=weak, country ok, city/region ok, website ok",BEST_GUESS
562,a8089090-d8d5-11ec-a2a7-a103c2828e6a,Viaplay Group,1.0,0.7647058823529411,CANDIDATE_MATCH,"name=close, country ok, city/region ok, website ok",MATCHED
563,41e1cae2-1182-11ec-ab7f-1d16de437ce8,Tape World,0.8673913043478261,0.6956521739130435,CANDIDATE_MATCH,"name=close, country ok, website ok",MATCHED
564,387071d4-9f86-11ec-bb62-ef8222f30268,Mv-nordic Danmark,0.8899999999999999,0.7333333333333333,CANDIDATE_MATCH,"name=close, country ok, website ok",MATCHED
565,ed5cca83-93e4-11eb-8859-29e7c34dee35,Voxogo Aps. Store Kongensgade,1.0,1.0,CANDIDATE_MATCH,"name=exact, country ok, city/region ok, website ok",MATCHED
566,5992f0e2-e53d-11eb-a925-bd4d5b36fdb5,WATCHDATA TECHNOLOGIES,0.8999999999999999,1.0,CANDIDATE_MATCH,"name=exact, city/region ok, website ok",MATCHED
567,1d164ec2-0207-11ef-9c4a-0fa9a82a1312,Wateen electronics,0.973529411764706,0.7058823529411765,CANDIDATE_MATCH,"name=close, country ok, city/region ok, website ok",MATCHED
568,c179226e-93e4-11eb-9937-4fab995bf8ff,Waystream,1.0,1.0,CANDIDATE_MATCH,"name=exact, country ok, city/region ok, website ok",MATCHED
569,12bfb6c1-93e5-11eb-b89f-536884b3e7dd,Wideroe Technical,0.9000000000000001,0.5833333333333334,CANDIDATE_MATCH,"name=weak, country ok, city/region ok, website ok",MATCHED
570,01eb8c25-93e5-11eb-b4a6-27899be4e45d,Wilke A S Aarhus,0.8400000000000001,0.65,CANDIDATE_MATCH,"name=close, country ok, website ok",MATCHED
571,4e1ff27b-1afc-11ec-ba40-29b1c5bdeb83,Wipro Limited,1.0,1.0,CANDIDATE_MATCH,"name=exact, country ok, website ok",MATCHED
572,f5b10fd3-0321-11ee-b9c7-d945c48165b4,Wipro Limited Singapore Branch,1.0,1.0,CANDIDATE_MATCH,"name=exact, country ok, city/region ok, website ok",MATCHED
573,727be343-ba6f-11eb-a6d9-7794e56e1994,Wire & Wireless,1.0,1.0,CANDIDATE_MATCH,"name=exact, country ok, website ok",MATCHED
574,3a3d6cb0-93e5-11eb-8ad6-7326edce8d21,Woodlands Transport,1.0,0.7916666666666666,CANDIDATE_MATCH,"name=close, country ok, city/region ok, website ok",MATCHED
575,2dbfa999-1189-11ec-a0a7-51650acd388a,Workday UK Limited,1.0,0.8235294117647058,CANDIDATE_MATCH,"name=exact, country ok, city/region ok, website ok",MATCHED
576,b80b9753-17de-11ee-b9eb-93f77cdb42f2,WTW Real Estate Sdn. Bhd.,1.0,1.0,CANDIDATE_MATCH,"name=exact, country ok, website ok",MATCHED
577,ae1ecc30-0c00-11ec-882c-e7dd96ffa691,xIT Software,1.0,1.0,CANDIDATE_MATCH,"name=exact, country ok, city/region ok, website ok",MATCHED
578,f33282ae-bb0f-11ec-985d-0b3ce34e3feb,Yangtze Optical Fibre and Cable Joint Stock Limited Company YOFC,1.0,0.8037383177570093,CANDIDATE_MATCH,"name=exact, country ok, city/region ok, website ok",MATCHED
579,e26d008f-4dae-11ee-820a-3797d6fca93c,Yinda Infocomm,0.9672413793103447,0.8620689655172413,CANDIDATE_MATCH,"name=exact, country ok, website ok",MATCHED
580,1965cb44-f87f-11ed-ab94-9d382b3b5926,Zalaris HR Services Danmark A/S.,1.0,1.0,CANDIDATE_MATCH,"name=exact, country ok, website ok",MATCHED
581,2232e03f-ff78-11eb-a358-8dbe3201bc48,Music Aggregation Services Finland Oy.,0.7844262295081967,0.5573770491803278,CANDIDATE_MATCH,"name=weak, country ok, website ok",MATCHED
582,09a452d3-93e5-11eb-be3a-7f925cb94351,Aviation Fuelling Services Norway,0.7754237288135593,0.5423728813559322,CANDIDATE_MATCH,"name=weak, country ok, website ok",MATCHED
583,12e5a0a4-f5c3-11ed-88cc-c9466c597c9c,Zalaris HR Services Sverige AB.,1.0,1.0,CANDIDATE_MATCH,"name=exact, country ok, website ok",MATCHED
584,ae69fbe1-93e4-11eb-be3a-7f925cb94351,Zendata,1.0,1.0,CANDIDATE_MATCH,"name=exact, country ok, city/region ok, website ok",MATCHED
585,47febe11-febb-11ed-8087-5f700cefa330,ZTE Zhongxing Telecom Pakistan Pvt Ltd.,1.0,0.9285714285714286,CANDIDATE_MATCH,"name=exact, country ok, website ok",MATCHED
586,6ac40f09-b5a6-11ef-b1e0-ebdf69cc9c4f,Ziff Davis,0.6285714285714286,0.7142857142857143,CANDIDATE_UNLIKELY,"name=close, website ok",BEST_GUESS
587,9d0ddc95-93e4-11eb-8e19-198fb02d6f96,ZTE,1.0,1.0,CANDIDATE_MATCH,"name=exact, country ok, city/region ok, website ok",MATCHED
588,3a1f7b24-683a-11ee-92e5-016d0f508b74,ZTE Thailand,1.0,1.0,CANDIDATE_MATCH,"name=exact, country ok, website ok",MATCHED
589,a68dcec0-93e4-11eb-9937-4fab995bf8ff,ZTE,1.0,1.0,CANDIDATE_MATCH,"name=exact, country ok, city/region ok, website ok",MATCHED
590,3a852200-1b06-11ec-ae98-5d8c88c64981,ZTE Corporation Bangladesh Limited,1.0,0.8888888888888888,CANDIDATE_MATCH,"name=exact, country ok, city/region ok, website ok",MATCHED
591,05b20a12-93e5-11eb-9937-4fab995bf8ff,Bwell Norge,0.7785714285714285,0.38095238095238093,CANDIDATE_UNLIKELY,"name=weak, country ok, city/region ok, website ok",BEST_GUESS
